timestamp,temperature,humidity_air,humidity_soil,rainfall
2024-01-01 00:00:00,25.4,55.6,29.0,0
2024-01-01 01:00:00,24.96,63.2,30.4,0
2024-01-01 02:00:00,25.66,57.4,27.5,0
2024-01-01 03:00:00,26.43,59.8,29.3,0
2024-01-01 04:00:00,25.1,59.6,28.5,0
2024-01-01 05:00:00,25.17,61.8,30.4,0
2024-01-01 06:00:00,26.69,57.5,31.8,0
2024-01-01 07:00:00,26.12,61.7,31.3,1
2024-01-01 08:00:00,25.2,65.0,26.8,1
2024-01-01 09:00:00,26.08,58.3,33.5,0
2024-01-01 10:00:00,25.35,61.5,30.9,0
2024-01-01 11:00:00,25.42,59.9,29.3,0
2024-01-01 12:00:00,26.05,62.2,30.8,0
2024-01-01 13:00:00,24.4,61.5,30.8,0
2024-01-01 14:00:00,24.62,60.3,29.6,0
2024-01-01 15:00:00,25.62,62.7,30.9,0
2024-01-01 16:00:00,25.33,65.4,29.8,2
2024-01-01 17:00:00,26.46,61.6,30.1,0
2024-01-01 18:00:00,25.55,63.5,29.7,0
2024-01-01 19:00:00,25.22,59.6,28.7,0
2024-01-01 20:00:00,27.59,60.4,31.1,0
2024-01-01 21:00:00,26.31,63.3,31.8,0
2024-01-01 22:00:00,26.61,65.5,31.7,0
2024-01-01 23:00:00,25.49,63.3,32.2,0
2024-01-02 00:00:00,26.26,62.1,31.5,5
2024-01-02 01:00:00,26.85,62.8,30.3,0
2024-01-02 02:00:00,25.91,60.4,32.4,0
2024-01-02 03:00:00,27.19,64.3,29.1,0
2024-01-02 04:00:00,26.48,64.9,29.8,0
2024-01-02 05:00:00,26.79,62.4,29.8,0
2024-01-02 06:00:00,26.61,62.4,32.9,0
2024-01-02 07:00:00,28.64,64.0,32.7,0
2024-01-02 08:00:00,27.21,62.7,32.1,1
2024-01-02 09:00:00,26.44,63.6,33.0,0
2024-01-02 10:00:00,28.01,68.0,30.1,0
2024-01-02 11:00:00,26.44,63.4,32.0,0
2024-01-02 12:00:00,27.64,63.3,31.3,0
2024-01-02 13:00:00,25.97,62.8,32.8,0
2024-01-02 14:00:00,26.54,65.7,31.4,0
2024-01-02 15:00:00,27.82,64.0,31.1,0
2024-01-02 16:00:00,28.31,63.1,32.5,0
2024-01-02 17:00:00,27.92,67.2,33.0,0
2024-01-02 18:00:00,27.75,67.5,30.8,0
2024-01-02 19:00:00,27.66,63.5,31.7,0
2024-01-02 20:00:00,26.78,61.1,30.3,0
2024-01-02 21:00:00,27.44,67.0,28.1,0
2024-01-02 22:00:00,27.7,63.7,32.2,0
2024-01-02 23:00:00,28.98,66.7,32.9,0
2024-01-03 00:00:00,28.46,61.3,32.4,0
2024-01-03 01:00:00,26.83,67.1,29.1,0
2024-01-03 02:00:00,28.55,63.0,31.6,0
2024-01-03 03:00:00,28.04,67.0,28.8,0
2024-01-03 04:00:00,27.86,65.7,34.2,0
2024-01-03 05:00:00,28.94,63.8,30.6,0
2024-01-03 06:00:00,29.33,65.0,34.1,0
2024-01-03 07:00:00,29.3,67.3,33.7,0
2024-01-03 08:00:00,27.94,66.2,31.0,0
2024-01-03 09:00:00,28.41,67.3,30.7,0
2024-01-03 10:00:00,28.97,70.1,32.9,0
2024-01-03 11:00:00,29.53,63.2,31.2,0
2024-01-03 12:00:00,28.42,69.6,32.6,0
2024-01-03 13:00:00,28.7,66.7,31.8,0
2024-01-03 14:00:00,28.01,64.7,29.9,0
2024-01-03 15:00:00,27.98,64.0,29.2,1
2024-01-03 16:00:00,29.63,66.3,33.0,0
2024-01-03 17:00:00,30.11,68.6,31.8,0
2024-01-03 18:00:00,29.01,66.6,31.9,5
2024-01-03 19:00:00,29.91,70.0,33.8,0
2024-01-03 20:00:00,29.44,64.2,34.5,0
2024-01-03 21:00:00,28.67,67.1,32.4,0
2024-01-03 22:00:00,29.52,64.7,32.3,0
2024-01-03 23:00:00,30.5,68.0,33.6,0
2024-01-04 00:00:00,29.27,69.1,30.9,2
2024-01-04 01:00:00,30.59,66.6,33.3,0
2024-01-04 02:00:00,27.28,62.3,33.8,0
2024-01-04 03:00:00,30.07,68.0,34.0,0
2024-01-04 04:00:00,29.51,68.5,30.1,0
2024-01-04 05:00:00,29.24,68.6,31.9,0
2024-01-04 06:00:00,29.58,70.3,31.8,1
2024-01-04 07:00:00,27.95,65.7,33.3,2
2024-01-04 08:00:00,29.39,69.3,33.9,0
2024-01-04 09:00:00,29.88,70.4,35.5,2
2024-01-04 10:00:00,30.81,64.5,32.5,0
2024-01-04 11:00:00,29.24,68.8,32.5,0
2024-01-04 12:00:00,29.03,67.2,35.0,0
2024-01-04 13:00:00,29.3,68.1,33.8,0
2024-01-04 14:00:00,30.46,69.1,35.3,0
2024-01-04 15:00:00,30.01,67.4,33.8,0
2024-01-04 16:00:00,29.35,67.1,31.7,0
2024-01-04 17:00:00,30.2,68.6,31.5,0
2024-01-04 18:00:00,29.89,66.4,31.2,0
2024-01-04 19:00:00,30.61,66.5,34.5,5
2024-01-04 20:00:00,29.29,70.1,35.4,0
2024-01-04 21:00:00,29.6,66.5,36.4,0
2024-01-04 22:00:00,29.57,70.2,34.9,0
2024-01-04 23:00:00,28.73,69.8,35.4,0
2024-01-05 00:00:00,30.15,65.5,32.8,0
2024-01-05 01:00:00,30.13,67.6,32.0,0
2024-01-05 02:00:00,29.94,71.4,35.0,0
2024-01-05 03:00:00,29.76,67.1,34.4,0
2024-01-05 04:00:00,28.82,68.2,34.0,0
2024-01-05 05:00:00,29.63,70.1,34.4,0
2024-01-05 06:00:00,29.7,70.8,34.3,0
2024-01-05 07:00:00,29.34,68.8,35.8,0
2024-01-05 08:00:00,29.86,68.1,35.9,0
2024-01-05 09:00:00,30.31,72.2,34.8,0
2024-01-05 10:00:00,31.5,72.9,35.2,0
2024-01-05 11:00:00,30.14,71.4,34.8,5
2024-01-05 12:00:00,30.21,69.6,33.3,0
2024-01-05 13:00:00,29.94,67.9,35.2,0
2024-01-05 14:00:00,28.46,67.9,32.0,0
2024-01-05 15:00:00,29.98,70.6,35.7,0
2024-01-05 16:00:00,30.04,70.4,32.3,0
2024-01-05 17:00:00,31.96,72.4,34.6,1
2024-01-05 18:00:00,29.83,71.0,32.9,5
2024-01-05 19:00:00,30.22,66.7,35.0,0
2024-01-05 20:00:00,29.95,71.8,34.2,0
2024-01-05 21:00:00,29.03,67.8,31.8,0
2024-01-05 22:00:00,30.87,69.0,34.9,0
2024-01-05 23:00:00,30.55,70.3,33.4,0
2024-01-06 00:00:00,30.57,73.8,35.6,0
2024-01-06 01:00:00,29.2,76.1,34.3,0
2024-01-06 02:00:00,31.04,71.1,34.9,0
2024-01-06 03:00:00,28.78,69.5,32.9,0
2024-01-06 04:00:00,30.36,71.0,33.5,0
2024-01-06 05:00:00,31.62,71.7,33.7,0
2024-01-06 06:00:00,29.06,69.3,35.7,0
2024-01-06 07:00:00,29.38,73.5,37.0,1
2024-01-06 08:00:00,29.9,70.4,33.3,0
2024-01-06 09:00:00,29.39,71.0,36.1,0
2024-01-06 10:00:00,28.54,71.3,31.3,0
2024-01-06 11:00:00,29.81,70.8,32.7,0
2024-01-06 12:00:00,28.88,71.7,33.1,0
2024-01-06 13:00:00,30.09,68.8,32.5,0
2024-01-06 14:00:00,28.95,68.9,32.2,2
2024-01-06 15:00:00,30.9,67.8,35.2,0
2024-01-06 16:00:00,29.0,70.9,34.3,0
2024-01-06 17:00:00,29.35,71.6,35.2,0
2024-01-06 18:00:00,30.23,70.9,35.7,2
2024-01-06 19:00:00,28.56,73.3,35.1,0
2024-01-06 20:00:00,29.7,70.0,35.7,5
2024-01-06 21:00:00,30.53,71.3,34.6,1
2024-01-06 22:00:00,28.17,67.8,32.9,0
2024-01-06 23:00:00,29.57,69.2,36.3,0
2024-01-07 00:00:00,29.59,71.4,33.9,10
2024-01-07 01:00:00,29.97,71.6,33.3,0
2024-01-07 02:00:00,28.32,69.4,34.5,0
2024-01-07 03:00:00,28.22,69.8,33.4,0
2024-01-07 04:00:00,29.66,66.9,34.2,0
2024-01-07 05:00:00,29.44,69.2,35.3,0
2024-01-07 06:00:00,29.36,71.7,35.3,0
2024-01-07 07:00:00,29.4,71.0,33.5,0
2024-01-07 08:00:00,28.54,70.8,34.1,0
2024-01-07 09:00:00,29.22,69.9,36.5,0
2024-01-07 10:00:00,29.23,69.8,35.6,1
2024-01-07 11:00:00,28.38,68.5,38.0,0
2024-01-07 12:00:00,30.4,71.1,36.6,0
2024-01-07 13:00:00,29.24,70.6,36.6,0
2024-01-07 14:00:00,27.86,70.7,32.8,0
2024-01-07 15:00:00,29.29,68.6,36.0,2
2024-01-07 16:00:00,27.94,65.3,34.8,0
2024-01-07 17:00:00,29.3,71.8,34.1,0
2024-01-07 18:00:00,29.55,68.6,35.2,2
2024-01-07 19:00:00,27.92,67.8,36.4,2
2024-01-07 20:00:00,29.29,70.9,35.7,0
2024-01-07 21:00:00,28.8,68.7,33.6,0
2024-01-07 22:00:00,29.08,71.5,36.1,0
2024-01-07 23:00:00,29.88,70.6,34.0,0
2024-01-08 00:00:00,28.12,70.7,35.3,0
2024-01-08 01:00:00,27.65,66.6,34.5,0
2024-01-08 02:00:00,27.49,71.7,34.6,0
2024-01-08 03:00:00,27.49,69.7,36.1,0
2024-01-08 04:00:00,28.03,68.4,33.4,0
2024-01-08 05:00:00,28.31,69.4,37.9,2
2024-01-08 06:00:00,28.2,65.5,32.3,0
2024-01-08 07:00:00,28.58,69.8,34.1,5
2024-01-08 08:00:00,27.87,66.9,35.5,10
2024-01-08 09:00:00,28.96,66.2,35.9,0
2024-01-08 10:00:00,27.53,65.8,34.8,0
2024-01-08 11:00:00,29.86,71.0,34.9,0
2024-01-08 12:00:00,28.12,67.5,35.6,0
2024-01-08 13:00:00,26.87,71.8,34.7,0
2024-01-08 14:00:00,26.64,67.6,37.1,0
2024-01-08 15:00:00,27.82,65.2,36.3,5
2024-01-08 16:00:00,27.19,66.3,36.3,0
2024-01-08 17:00:00,27.88,70.9,33.5,0
2024-01-08 18:00:00,27.62,68.1,34.9,0
2024-01-08 19:00:00,27.12,67.3,34.5,0
2024-01-08 20:00:00,26.43,68.6,33.5,1
2024-01-08 21:00:00,25.83,69.2,35.5,0
2024-01-08 22:00:00,26.62,70.4,34.2,0
2024-01-08 23:00:00,27.6,71.0,36.0,0
2024-01-09 00:00:00,27.02,67.3,33.4,0
2024-01-09 01:00:00,25.78,65.3,37.6,0
2024-01-09 02:00:00,26.85,67.1,33.6,0
2024-01-09 03:00:00,26.95,68.3,35.3,0
2024-01-09 04:00:00,25.87,65.8,36.2,2
2024-01-09 05:00:00,26.63,65.8,34.1,2
2024-01-09 06:00:00,26.49,68.3,36.2,0
2024-01-09 07:00:00,25.46,67.4,33.1,0
2024-01-09 08:00:00,26.59,67.5,37.1,0
2024-01-09 09:00:00,26.68,65.8,35.0,0
2024-01-09 10:00:00,27.03,66.8,34.0,0
2024-01-09 11:00:00,26.94,65.4,34.5,0
2024-01-09 12:00:00,24.92,68.9,36.1,0
2024-01-09 13:00:00,25.2,69.1,34.0,0
2024-01-09 14:00:00,26.29,63.3,33.8,0
2024-01-09 15:00:00,26.22,65.0,34.6,0
2024-01-09 16:00:00,26.15,63.8,33.1,0
2024-01-09 17:00:00,28.75,65.4,37.6,0
2024-01-09 18:00:00,26.05,66.5,34.0,1
2024-01-09 19:00:00,26.43,63.6,36.1,0
2024-01-09 20:00:00,26.22,64.6,35.1,0
2024-01-09 21:00:00,25.9,64.4,33.3,0
2024-01-09 22:00:00,25.06,66.7,34.8,0
2024-01-09 23:00:00,25.84,66.3,36.0,0
2024-01-10 00:00:00,24.55,64.6,34.5,0
2024-01-10 01:00:00,24.9,66.4,36.6,1
2024-01-10 02:00:00,24.63,64.8,36.3,0
2024-01-10 03:00:00,25.02,65.3,36.1,1
2024-01-10 04:00:00,26.73,69.1,34.0,0
2024-01-10 05:00:00,23.31,68.3,33.1,0
2024-01-10 06:00:00,25.28,62.9,33.8,0
2024-01-10 07:00:00,23.37,67.1,35.0,0
2024-01-10 08:00:00,24.21,67.0,35.5,0
2024-01-10 09:00:00,25.39,62.9,31.4,0
2024-01-10 10:00:00,24.5,66.8,34.6,0
2024-01-10 11:00:00,23.51,68.1,34.9,0
2024-01-10 12:00:00,23.73,62.7,34.2,0
2024-01-10 13:00:00,24.78,63.0,36.5,0
2024-01-10 14:00:00,23.58,66.8,35.2,1
2024-01-10 15:00:00,24.26,65.2,36.5,0
2024-01-10 16:00:00,24.06,65.6,34.2,0
2024-01-10 17:00:00,23.43,65.1,35.9,0
2024-01-10 18:00:00,25.6,65.1,37.0,0
2024-01-10 19:00:00,24.32,61.6,36.5,0
2024-01-10 20:00:00,22.12,66.2,32.8,0
2024-01-10 21:00:00,23.82,66.4,34.1,0
2024-01-10 22:00:00,23.07,63.4,33.9,0
2024-01-10 23:00:00,24.21,63.7,35.1,0
2024-01-11 00:00:00,22.83,60.6,35.4,0
2024-01-11 01:00:00,23.3,64.6,33.1,1
2024-01-11 02:00:00,23.73,64.6,34.4,0
2024-01-11 03:00:00,23.95,63.2,31.3,1
2024-01-11 04:00:00,22.23,65.5,36.5,0
2024-01-11 05:00:00,22.86,62.5,33.5,0
2024-01-11 06:00:00,22.68,64.2,34.3,1
2024-01-11 07:00:00,22.47,60.9,33.8,1
2024-01-11 08:00:00,24.34,62.8,35.9,0
2024-01-11 09:00:00,23.19,62.4,29.9,0
2024-01-11 10:00:00,21.79,63.1,34.1,0
2024-01-11 11:00:00,23.47,61.8,34.0,0
2024-01-11 12:00:00,24.37,62.1,33.4,0
2024-01-11 13:00:00,23.43,63.9,36.7,0
2024-01-11 14:00:00,21.33,61.3,32.7,1
2024-01-11 15:00:00,22.09,58.8,35.2,0
2024-01-11 16:00:00,23.43,65.4,34.5,0
2024-01-11 17:00:00,21.79,64.6,35.9,0
2024-01-11 18:00:00,22.65,59.1,33.0,0
2024-01-11 19:00:00,22.86,63.0,32.8,0
2024-01-11 20:00:00,21.43,60.5,35.6,0
2024-01-11 21:00:00,22.07,61.9,34.5,0
2024-01-11 22:00:00,19.47,61.8,31.5,1
2024-01-11 23:00:00,21.18,60.7,33.0,0
2024-01-12 00:00:00,21.74,59.5,34.4,0
2024-01-12 01:00:00,20.89,59.5,35.0,0
2024-01-12 02:00:00,23.14,59.0,32.7,1
2024-01-12 03:00:00,20.63,59.0,29.3,0
2024-01-12 04:00:00,21.37,60.4,34.5,0
2024-01-12 05:00:00,21.77,59.0,31.8,0
2024-01-12 06:00:00,22.77,61.7,30.6,0
2024-01-12 07:00:00,20.41,63.2,29.3,0
2024-01-12 08:00:00,22.44,58.9,34.8,0
2024-01-12 09:00:00,21.47,60.5,33.7,1
2024-01-12 10:00:00,20.62,60.9,33.2,0
2024-01-12 11:00:00,21.73,60.7,35.6,0
2024-01-12 12:00:00,21.47,59.8,34.4,0
2024-01-12 13:00:00,20.78,61.0,35.8,0
2024-01-12 14:00:00,21.27,60.4,31.3,0
2024-01-12 15:00:00,20.86,56.8,33.3,0
2024-01-12 16:00:00,21.21,60.9,30.9,0
2024-01-12 17:00:00,21.61,60.8,32.9,0
2024-01-12 18:00:00,22.3,57.4,32.9,1
2024-01-12 19:00:00,20.0,58.9,34.2,0
2024-01-12 20:00:00,22.65,60.1,33.2,0
2024-01-12 21:00:00,19.34,58.2,34.1,0
2024-01-12 22:00:00,20.74,60.6,34.2,0
2024-01-12 23:00:00,21.29,63.1,36.3,0
2024-01-13 00:00:00,21.01,56.7,32.6,0
2024-01-13 01:00:00,20.25,55.4,31.6,1
2024-01-13 02:00:00,20.54,58.6,33.3,0
2024-01-13 03:00:00,20.28,59.4,31.7,1
2024-01-13 04:00:00,20.17,57.4,35.1,10
2024-01-13 05:00:00,21.28,60.6,32.4,0
2024-01-13 06:00:00,20.85,54.9,32.0,0
2024-01-13 07:00:00,19.98,58.9,32.1,2
2024-01-13 08:00:00,21.22,56.2,33.8,2
2024-01-13 09:00:00,20.72,60.7,32.5,0
2024-01-13 10:00:00,21.09,61.1,31.7,0
2024-01-13 11:00:00,20.92,55.5,35.2,0
2024-01-13 12:00:00,19.72,55.8,31.3,10
2024-01-13 13:00:00,19.91,58.5,32.6,0
2024-01-13 14:00:00,20.93,55.9,33.5,0
2024-01-13 15:00:00,20.79,56.5,30.1,0
2024-01-13 16:00:00,20.27,56.5,33.2,0
2024-01-13 17:00:00,20.35,52.5,30.8,0
2024-01-13 18:00:00,21.26,56.3,33.6,0
2024-01-13 19:00:00,19.74,54.8,30.9,1
2024-01-13 20:00:00,20.63,55.1,33.4,0
2024-01-13 21:00:00,20.01,58.8,33.9,0
2024-01-13 22:00:00,19.98,53.3,33.5,0
2024-01-13 23:00:00,21.02,57.4,32.6,0
2024-01-14 00:00:00,20.78,55.1,31.8,0
2024-01-14 01:00:00,20.76,55.0,31.3,0
2024-01-14 02:00:00,21.14,57.0,34.3,0
2024-01-14 03:00:00,20.1,56.0,31.0,0
2024-01-14 04:00:00,20.61,56.4,30.5,0
2024-01-14 05:00:00,19.81,57.1,33.0,0
2024-01-14 06:00:00,20.31,54.4,30.7,0
2024-01-14 07:00:00,19.93,53.7,30.5,0
2024-01-14 08:00:00,20.11,52.7,29.7,0
2024-01-14 09:00:00,20.5,53.1,31.1,0
2024-01-14 10:00:00,19.36,60.5,31.6,0
2024-01-14 11:00:00,21.68,57.0,32.1,0
2024-01-14 12:00:00,19.2,51.7,33.1,0
2024-01-14 13:00:00,19.03,51.7,32.4,0
2024-01-14 14:00:00,20.93,55.2,31.3,0
2024-01-14 15:00:00,20.63,55.3,31.3,0
2024-01-14 16:00:00,20.5,55.2,32.3,0
2024-01-14 17:00:00,20.5,53.5,33.4,0
2024-01-14 18:00:00,19.99,53.6,31.6,0
2024-01-14 19:00:00,19.29,54.5,30.7,0
2024-01-14 20:00:00,20.07,53.9,29.9,0
2024-01-14 21:00:00,19.47,49.2,29.1,0
2024-01-14 22:00:00,20.8,53.1,32.3,0
2024-01-14 23:00:00,19.91,51.7,32.1,0
2024-01-15 00:00:00,19.38,53.7,32.1,0
2024-01-15 01:00:00,19.79,59.2,31.0,0
2024-01-15 02:00:00,20.39,53.9,33.2,0
2024-01-15 03:00:00,19.62,52.5,30.3,1
2024-01-15 04:00:00,19.42,54.9,32.5,0
2024-01-15 05:00:00,20.29,53.9,30.9,0
2024-01-15 06:00:00,20.31,53.7,30.0,0
2024-01-15 07:00:00,19.72,54.0,31.8,0
2024-01-15 08:00:00,19.76,56.8,31.5,0
2024-01-15 09:00:00,20.34,50.4,31.3,0
2024-01-15 10:00:00,19.02,53.5,30.9,0
2024-01-15 11:00:00,19.07,50.6,30.7,0
2024-01-15 12:00:00,19.64,53.5,34.3,0
2024-01-15 13:00:00,20.07,50.5,32.4,0
2024-01-15 14:00:00,20.51,51.4,31.7,2
2024-01-15 15:00:00,21.46,51.6,30.7,0
2024-01-15 16:00:00,20.99,54.1,32.0,0
2024-01-15 17:00:00,20.21,53.9,31.2,0
2024-01-15 18:00:00,20.35,49.5,30.5,0
2024-01-15 19:00:00,19.59,52.0,29.9,0
2024-01-15 20:00:00,20.4,50.4,30.2,0
2024-01-15 21:00:00,20.21,49.2,25.5,0
2024-01-15 22:00:00,20.73,51.3,30.6,0
2024-01-15 23:00:00,19.84,51.0,29.5,0
2024-01-16 00:00:00,20.95,56.4,32.6,0
2024-01-16 01:00:00,21.8,52.4,30.2,0
2024-01-16 02:00:00,20.52,48.7,28.3,0
2024-01-16 03:00:00,20.96,50.3,30.0,0
2024-01-16 04:00:00,21.23,53.4,28.4,0
2024-01-16 05:00:00,20.39,55.5,30.7,0
2024-01-16 06:00:00,20.93,48.0,30.3,0
2024-01-16 07:00:00,20.8,47.4,31.3,0
2024-01-16 08:00:00,20.91,54.9,28.6,0
2024-01-16 09:00:00,20.25,51.8,29.8,0
2024-01-16 10:00:00,20.93,49.3,27.7,0
2024-01-16 11:00:00,21.35,52.0,30.7,0
2024-01-16 12:00:00,22.15,45.6,30.4,0
2024-01-16 13:00:00,21.8,50.9,30.3,0
2024-01-16 14:00:00,22.8,51.5,29.6,0
2024-01-16 15:00:00,20.51,52.6,30.1,0
2024-01-16 16:00:00,21.87,48.7,31.9,5
2024-01-16 17:00:00,21.36,50.9,29.0,0
2024-01-16 18:00:00,23.02,48.8,29.6,0
2024-01-16 19:00:00,20.67,51.1,27.7,0
2024-01-16 20:00:00,20.69,48.8,28.0,2
2024-01-16 21:00:00,20.93,49.7,29.4,0
2024-01-16 22:00:00,19.76,48.5,30.9,0
2024-01-16 23:00:00,21.09,51.8,28.8,0
2024-01-17 00:00:00,20.96,52.1,28.8,0
2024-01-17 01:00:00,21.74,49.9,28.5,0
2024-01-17 02:00:00,21.95,50.4,28.2,0
2024-01-17 03:00:00,23.23,47.4,29.4,0
2024-01-17 04:00:00,22.54,49.7,26.7,0
2024-01-17 05:00:00,21.38,50.2,30.8,0
2024-01-17 06:00:00,21.17,55.5,27.9,0
2024-01-17 07:00:00,22.34,48.0,29.9,0
2024-01-17 08:00:00,20.95,53.1,26.9,0
2024-01-17 09:00:00,23.53,52.2,29.8,0
2024-01-17 10:00:00,23.07,50.7,29.7,1
2024-01-17 11:00:00,21.81,53.7,29.2,0
2024-01-17 12:00:00,20.87,50.9,27.1,0
2024-01-17 13:00:00,23.39,50.9,29.0,0
2024-01-17 14:00:00,22.27,50.0,26.8,1
2024-01-17 15:00:00,23.41,52.5,28.1,0
2024-01-17 16:00:00,21.21,52.3,30.0,0
2024-01-17 17:00:00,22.07,48.8,29.6,0
2024-01-17 18:00:00,22.62,47.4,28.4,0
2024-01-17 19:00:00,22.71,49.6,26.9,0
2024-01-17 20:00:00,22.38,48.4,29.3,1
2024-01-17 21:00:00,23.3,49.9,28.3,0
2024-01-17 22:00:00,22.01,52.5,24.7,0
2024-01-17 23:00:00,22.82,49.1,29.4,0
2024-01-18 00:00:00,23.1,49.9,28.1,0
2024-01-18 01:00:00,23.48,50.1,29.9,0
2024-01-18 02:00:00,23.7,51.7,26.4,0
2024-01-18 03:00:00,22.3,45.5,23.3,0
2024-01-18 04:00:00,22.04,48.8,28.4,0
2024-01-18 05:00:00,24.36,50.4,28.4,0
2024-01-18 06:00:00,23.67,52.4,25.4,0
2024-01-18 07:00:00,22.87,49.0,26.4,5
2024-01-18 08:00:00,24.78,46.3,32.0,0
2024-01-18 09:00:00,23.7,51.3,27.3,0
2024-01-18 10:00:00,24.62,48.8,28.8,0
2024-01-18 11:00:00,23.8,47.7,26.7,0
2024-01-18 12:00:00,25.47,48.8,24.5,0
2024-01-18 13:00:00,25.29,49.7,27.4,0
2024-01-18 14:00:00,23.76,48.9,27.2,0
2024-01-18 15:00:00,24.8,45.7,27.0,0
2024-01-18 16:00:00,24.61,51.9,27.3,0
2024-01-18 17:00:00,25.26,52.7,27.9,0
2024-01-18 18:00:00,23.47,51.5,27.2,0
2024-01-18 19:00:00,24.86,47.9,25.5,0
2024-01-18 20:00:00,25.23,49.8,28.1,0
2024-01-18 21:00:00,23.05,50.2,24.4,0
2024-01-18 22:00:00,23.58,51.5,24.2,0
2024-01-18 23:00:00,22.97,51.6,28.4,0
2024-01-19 00:00:00,24.45,48.9,28.0,0
2024-01-19 01:00:00,25.32,50.5,27.1,0
2024-01-19 02:00:00,26.01,51.3,25.1,2
2024-01-19 03:00:00,24.94,53.3,26.1,1
2024-01-19 04:00:00,26.26,51.9,26.7,0
2024-01-19 05:00:00,23.92,52.1,24.7,0
2024-01-19 06:00:00,23.74,50.7,25.9,0
2024-01-19 07:00:00,25.13,53.4,28.0,0
2024-01-19 08:00:00,25.55,51.4,29.1,0
2024-01-19 09:00:00,25.29,48.9,26.3,0
2024-01-19 10:00:00,23.73,53.5,28.0,0
2024-01-19 11:00:00,25.39,52.1,24.0,1
2024-01-19 12:00:00,24.49,49.9,27.8,0
2024-01-19 13:00:00,26.14,49.9,25.6,0
2024-01-19 14:00:00,25.97,51.5,27.2,0
2024-01-19 15:00:00,24.99,51.9,26.3,0
2024-01-19 16:00:00,25.41,51.4,28.7,0
2024-01-19 17:00:00,25.04,51.6,25.3,0
2024-01-19 18:00:00,25.91,54.5,27.6,0
2024-01-19 19:00:00,26.79,53.3,26.2,0
2024-01-19 20:00:00,25.31,51.6,26.3,0
2024-01-19 21:00:00,26.57,53.1,26.2,0
2024-01-19 22:00:00,25.81,49.2,25.2,2
2024-01-19 23:00:00,25.67,52.1,26.4,0
2024-01-20 00:00:00,26.29,55.0,26.3,5
2024-01-20 01:00:00,25.62,51.0,26.8,0
2024-01-20 02:00:00,26.07,49.8,26.5,0
2024-01-20 03:00:00,25.63,50.3,27.5,0
2024-01-20 04:00:00,28.22,49.5,27.7,0
2024-01-20 05:00:00,26.75,50.1,24.7,1
2024-01-20 06:00:00,26.23,51.0,27.6,0
2024-01-20 07:00:00,27.03,49.0,24.4,0
2024-01-20 08:00:00,26.83,51.9,27.1,0
2024-01-20 09:00:00,26.81,53.8,27.1,0
2024-01-20 10:00:00,27.54,50.2,23.3,0
2024-01-20 11:00:00,27.72,55.2,26.3,0
2024-01-20 12:00:00,26.76,53.2,25.4,0
2024-01-20 13:00:00,26.79,54.3,24.9,0
2024-01-20 14:00:00,27.09,51.0,28.1,1
2024-01-20 15:00:00,25.53,54.1,25.0,0
2024-01-20 16:00:00,26.23,50.3,24.8,0
2024-01-20 17:00:00,28.59,54.4,26.1,0
2024-01-20 18:00:00,28.88,53.0,27.0,0
2024-01-20 19:00:00,27.43,53.8,25.7,0
2024-01-20 20:00:00,28.15,50.5,27.6,0
2024-01-20 21:00:00,27.99,51.1,26.7,0
2024-01-20 22:00:00,30.27,54.2,22.6,0
2024-01-20 23:00:00,28.76,51.2,25.0,0
2024-01-21 00:00:00,27.82,54.1,24.9,0
2024-01-21 01:00:00,27.22,50.5,26.5,0
2024-01-21 02:00:00,26.75,55.0,21.8,0
2024-01-21 03:00:00,28.26,50.9,29.5,10
2024-01-21 04:00:00,27.55,54.6,26.5,0
2024-01-21 05:00:00,27.07,54.8,25.9,0
2024-01-21 06:00:00,27.75,52.3,27.4,0
2024-01-21 07:00:00,27.45,54.9,29.1,0
2024-01-21 08:00:00,29.72,54.4,26.9,0
2024-01-21 09:00:00,29.13,52.8,27.0,0
2024-01-21 10:00:00,28.47,52.0,25.8,0
2024-01-21 11:00:00,29.71,50.2,25.3,0
2024-01-21 12:00:00,28.64,54.9,24.8,0
2024-01-21 13:00:00,27.94,51.2,24.3,0
2024-01-21 14:00:00,29.89,54.6,24.5,0
2024-01-21 15:00:00,29.16,54.0,23.4,0
2024-01-21 16:00:00,27.94,55.9,25.3,0
2024-01-21 17:00:00,28.67,54.1,22.9,0
2024-01-21 18:00:00,28.16,54.1,25.7,0
2024-01-21 19:00:00,27.8,56.3,25.3,0
2024-01-21 20:00:00,29.7,55.6,25.6,0
2024-01-21 21:00:00,30.53,55.7,24.6,10
2024-01-21 22:00:00,27.92,56.1,30.0,0
2024-01-21 23:00:00,29.53,52.2,27.4,0
2024-01-22 00:00:00,28.6,56.9,23.5,1
2024-01-22 01:00:00,28.77,56.7,25.7,0
2024-01-22 02:00:00,28.73,53.5,24.4,0
2024-01-22 03:00:00,28.55,55.2,23.8,0
2024-01-22 04:00:00,29.32,55.7,23.3,0
2024-01-22 05:00:00,28.65,55.6,25.9,0
2024-01-22 06:00:00,29.57,56.7,24.2,0
2024-01-22 07:00:00,29.35,59.0,26.7,0
2024-01-22 08:00:00,29.23,58.4,26.7,0
2024-01-22 09:00:00,28.73,53.7,27.3,0
2024-01-22 10:00:00,29.03,57.7,23.9,2
2024-01-22 11:00:00,30.12,59.2,25.9,0
2024-01-22 12:00:00,29.95,57.4,26.1,0
2024-01-22 13:00:00,28.8,58.9,24.4,0
2024-01-22 14:00:00,29.69,60.9,24.0,2
2024-01-22 15:00:00,30.24,59.0,27.5,0
2024-01-22 16:00:00,28.33,57.6,25.5,0
2024-01-22 17:00:00,30.12,59.3,26.1,1
2024-01-22 18:00:00,29.18,57.6,23.9,0
2024-01-22 19:00:00,30.19,57.5,23.3,1
2024-01-22 20:00:00,29.15,56.8,24.2,0
2024-01-22 21:00:00,28.33,60.8,24.9,0
2024-01-22 22:00:00,28.5,56.1,23.5,2
2024-01-22 23:00:00,29.86,60.9,25.1,0
2024-01-23 00:00:00,30.05,59.0,22.5,0
2024-01-23 01:00:00,29.13,55.3,23.4,0
2024-01-23 02:00:00,30.38,58.9,26.1,2
2024-01-23 03:00:00,28.56,54.1,25.9,0
2024-01-23 04:00:00,29.85,59.7,24.4,0
2024-01-23 05:00:00,28.95,60.3,23.5,0
2024-01-23 06:00:00,29.41,57.5,23.5,0
2024-01-23 07:00:00,29.98,59.0,24.5,0
2024-01-23 08:00:00,29.26,62.8,26.0,0
2024-01-23 09:00:00,29.65,58.0,26.4,0
2024-01-23 10:00:00,30.77,57.0,24.3,0
2024-01-23 11:00:00,29.51,62.2,23.3,0
2024-01-23 12:00:00,30.65,63.3,25.4,0
2024-01-23 13:00:00,29.08,59.5,23.8,0
2024-01-23 14:00:00,30.42,61.6,24.2,1
2024-01-23 15:00:00,31.15,62.4,27.0,0
2024-01-23 16:00:00,28.02,58.3,26.2,0
2024-01-23 17:00:00,29.36,58.9,25.2,0
2024-01-23 18:00:00,30.46,62.5,23.1,0
2024-01-23 19:00:00,29.84,63.5,25.3,0
2024-01-23 20:00:00,30.29,61.4,26.6,0
2024-01-23 21:00:00,29.51,58.6,24.4,0
2024-01-23 22:00:00,30.06,64.5,27.0,1
2024-01-23 23:00:00,29.86,59.5,26.9,0
2024-01-24 00:00:00,30.91,60.0,27.5,0
2024-01-24 01:00:00,30.18,61.5,25.5,0
2024-01-24 02:00:00,30.23,64.1,25.9,2
2024-01-24 03:00:00,29.63,62.8,27.1,0
2024-01-24 04:00:00,29.56,62.0,25.7,0
2024-01-24 05:00:00,29.59,62.2,24.3,0
2024-01-24 06:00:00,30.24,61.5,24.4,0
2024-01-24 07:00:00,29.57,62.6,25.4,0
2024-01-24 08:00:00,30.13,56.6,23.1,0
2024-01-24 09:00:00,31.54,61.2,24.8,0
2024-01-24 10:00:00,30.56,62.3,26.7,0
2024-01-24 11:00:00,29.59,59.7,21.8,0
2024-01-24 12:00:00,30.79,62.9,27.4,0
2024-01-24 13:00:00,29.48,61.8,26.8,0
2024-01-24 14:00:00,28.16,65.8,24.4,0
2024-01-24 15:00:00,28.96,65.6,25.9,0
2024-01-24 16:00:00,28.25,61.6,25.1,0
2024-01-24 17:00:00,29.44,62.3,26.9,0
2024-01-24 18:00:00,29.71,62.6,26.6,0
2024-01-24 19:00:00,31.01,62.0,23.0,0
2024-01-24 20:00:00,29.91,63.4,26.0,5
2024-01-24 21:00:00,29.45,61.6,24.8,0
2024-01-24 22:00:00,30.26,60.9,25.3,0
2024-01-24 23:00:00,27.79,64.5,24.1,0
2024-01-25 00:00:00,29.72,64.7,27.8,0
2024-01-25 01:00:00,30.12,61.9,26.7,0
2024-01-25 02:00:00,28.29,65.4,24.1,0
2024-01-25 03:00:00,30.35,62.5,23.2,2
2024-01-25 04:00:00,29.68,64.3,24.6,0
2024-01-25 05:00:00,29.04,65.6,25.9,1
2024-01-25 06:00:00,29.84,64.0,25.6,0
2024-01-25 07:00:00,31.12,65.1,27.1,0
2024-01-25 08:00:00,29.41,63.2,26.5,0
2024-01-25 09:00:00,29.42,64.0,26.7,0
2024-01-25 10:00:00,28.82,64.1,25.8,0
2024-01-25 11:00:00,28.46,63.1,23.2,0
2024-01-25 12:00:00,29.77,64.3,25.0,0
2024-01-25 13:00:00,28.38,61.7,26.9,5
2024-01-25 14:00:00,29.08,63.9,25.3,0
2024-01-25 15:00:00,28.59,64.4,26.1,0
2024-01-25 16:00:00,29.32,64.6,24.9,1
2024-01-25 17:00:00,29.15,64.7,23.9,0
2024-01-25 18:00:00,29.67,65.2,25.2,0
2024-01-25 19:00:00,28.39,66.3,25.9,0
2024-01-25 20:00:00,28.53,67.2,24.5,0
2024-01-25 21:00:00,27.92,64.3,25.1,0
2024-01-25 22:00:00,28.3,63.3,24.1,0
2024-01-25 23:00:00,28.9,63.7,27.2,0
2024-01-26 00:00:00,29.16,64.9,25.1,0
2024-01-26 01:00:00,27.76,65.2,27.7,0
2024-01-26 02:00:00,29.14,64.5,27.9,0
2024-01-26 03:00:00,29.48,63.5,25.5,0
2024-01-26 04:00:00,28.67,65.3,24.1,0
2024-01-26 05:00:00,29.79,66.7,22.5,0
2024-01-26 06:00:00,27.62,67.6,23.5,0
2024-01-26 07:00:00,27.18,65.4,23.6,0
2024-01-26 08:00:00,26.7,65.7,27.8,0
2024-01-26 09:00:00,29.26,64.8,25.9,5
2024-01-26 10:00:00,28.53,66.7,26.3,0
2024-01-26 11:00:00,27.91,65.1,22.4,0
2024-01-26 12:00:00,28.12,68.1,24.0,0
2024-01-26 13:00:00,26.94,63.4,27.2,0
2024-01-26 14:00:00,29.73,66.4,26.3,0
2024-01-26 15:00:00,27.82,67.8,25.6,0
2024-01-26 16:00:00,27.74,67.6,26.7,0
2024-01-26 17:00:00,28.17,72.7,28.4,1
2024-01-26 18:00:00,27.92,68.1,25.6,0
2024-01-26 19:00:00,27.65,65.5,26.1,0
2024-01-26 20:00:00,26.77,67.4,26.3,0
2024-01-26 21:00:00,27.72,64.1,29.6,0
2024-01-26 22:00:00,28.79,67.5,22.9,1
2024-01-26 23:00:00,28.29,66.1,27.1,2
2024-01-27 00:00:00,28.43,69.7,25.9,0
2024-01-27 01:00:00,26.68,66.8,27.0,1
2024-01-27 02:00:00,26.23,67.7,25.2,0
2024-01-27 03:00:00,26.85,66.8,26.1,2
2024-01-27 04:00:00,26.93,71.6,27.3,0
2024-01-27 05:00:00,27.7,67.5,30.9,0
2024-01-27 06:00:00,25.4,71.9,27.5,0
2024-01-27 07:00:00,27.91,69.9,25.0,0
2024-01-27 08:00:00,26.49,69.3,25.7,0
2024-01-27 09:00:00,26.21,69.2,25.7,0
2024-01-27 10:00:00,25.67,69.3,23.7,0
2024-01-27 11:00:00,25.09,64.7,25.9,0
2024-01-27 12:00:00,27.0,68.1,27.5,0
2024-01-27 13:00:00,26.33,70.4,24.6,1
2024-01-27 14:00:00,25.17,68.6,28.1,0
2024-01-27 15:00:00,25.1,66.0,27.3,1
2024-01-27 16:00:00,25.8,68.7,25.5,0
2024-01-27 17:00:00,27.33,72.3,26.4,0
2024-01-27 18:00:00,25.72,71.4,29.0,0
2024-01-27 19:00:00,24.65,68.9,27.8,0
2024-01-27 20:00:00,25.58,71.0,26.7,0
2024-01-27 21:00:00,25.49,68.4,26.4,0
2024-01-27 22:00:00,23.48,65.7,26.9,0
2024-01-27 23:00:00,25.52,67.3,26.0,0
2024-01-28 00:00:00,25.31,72.4,23.7,0
2024-01-28 01:00:00,25.98,68.7,29.9,0
2024-01-28 02:00:00,26.83,68.8,27.1,0
2024-01-28 03:00:00,26.18,68.8,27.5,0
2024-01-28 04:00:00,24.99,73.2,26.9,0
2024-01-28 05:00:00,24.25,72.7,25.9,0
2024-01-28 06:00:00,27.12,73.9,26.8,0
2024-01-28 07:00:00,25.04,69.2,24.7,0
2024-01-28 08:00:00,24.93,70.1,30.5,0
2024-01-28 09:00:00,24.83,66.5,25.3,0
2024-01-28 10:00:00,24.94,72.6,25.6,0
2024-01-28 11:00:00,24.59,67.3,26.5,0
2024-01-28 12:00:00,24.17,70.1,29.2,0
2024-01-28 13:00:00,24.12,67.5,27.3,0
2024-01-28 14:00:00,24.46,68.6,25.5,0
2024-01-28 15:00:00,23.98,68.1,29.2,0
2024-01-28 16:00:00,23.78,68.6,28.5,0
2024-01-28 17:00:00,24.36,68.7,28.2,0
2024-01-28 18:00:00,24.0,68.7,28.5,0
2024-01-28 19:00:00,25.34,71.5,31.1,2
2024-01-28 20:00:00,21.94,67.7,30.8,0
2024-01-28 21:00:00,24.87,70.3,26.5,0
2024-01-28 22:00:00,24.92,72.3,30.0,0
2024-01-28 23:00:00,22.19,68.9,28.2,0
2024-01-29 00:00:00,23.51,68.5,28.4,0
2024-01-29 01:00:00,23.42,69.5,25.2,0
2024-01-29 02:00:00,22.52,72.3,27.5,0
2024-01-29 03:00:00,22.95,70.4,26.6,0
2024-01-29 04:00:00,22.62,68.9,29.1,0
2024-01-29 05:00:00,24.84,70.9,29.5,5
2024-01-29 06:00:00,24.12,67.8,24.8,0
2024-01-29 07:00:00,24.32,71.4,27.9,2
2024-01-29 08:00:00,23.81,70.8,29.7,1
2024-01-29 09:00:00,22.26,69.4,27.8,0
2024-01-29 10:00:00,22.68,68.3,29.2,0
2024-01-29 11:00:00,23.42,68.2,28.6,0
2024-01-29 12:00:00,21.99,71.1,28.7,0
2024-01-29 13:00:00,23.47,72.5,27.8,0
2024-01-29 14:00:00,22.64,68.7,26.4,0
2024-01-29 15:00:00,22.47,70.9,26.6,0
2024-01-29 16:00:00,23.28,65.8,29.4,0
2024-01-29 17:00:00,23.0,68.8,28.4,0
2024-01-29 18:00:00,22.29,69.9,28.2,0
2024-01-29 19:00:00,23.45,68.1,27.8,0
2024-01-29 20:00:00,21.59,68.1,28.0,0
2024-01-29 21:00:00,22.89,68.6,30.1,0
2024-01-29 22:00:00,22.81,70.5,28.1,0
2024-01-29 23:00:00,22.02,69.5,26.6,0
2024-01-30 00:00:00,22.47,65.4,29.8,0
2024-01-30 01:00:00,21.15,65.6,28.4,0
2024-01-30 02:00:00,22.83,68.6,28.8,0
2024-01-30 03:00:00,21.89,70.7,31.2,0
2024-01-30 04:00:00,21.56,64.3,28.8,0
2024-01-30 05:00:00,22.76,68.8,29.3,1
2024-01-30 06:00:00,21.3,68.7,27.1,0
2024-01-30 07:00:00,20.68,72.5,28.6,0
2024-01-30 08:00:00,20.51,68.9,29.9,0
2024-01-30 09:00:00,22.18,70.4,26.7,0
2024-01-30 10:00:00,20.62,69.9,29.4,0
2024-01-30 11:00:00,23.0,65.3,29.3,0
2024-01-30 12:00:00,19.87,71.1,29.2,10
2024-01-30 13:00:00,22.85,70.0,30.8,0
2024-01-30 14:00:00,21.61,70.5,29.7,0
2024-01-30 15:00:00,21.31,77.3,31.5,0
2024-01-30 16:00:00,20.9,65.2,27.8,0
2024-01-30 17:00:00,21.61,72.8,29.6,0
2024-01-30 18:00:00,21.21,68.8,29.5,0
2024-01-30 19:00:00,22.08,69.9,27.9,0
2024-01-30 20:00:00,21.24,69.2,30.9,0
2024-01-30 21:00:00,21.22,68.4,33.0,0
2024-01-30 22:00:00,20.77,68.0,29.6,0
2024-01-30 23:00:00,20.97,69.8,30.4,0
2024-01-31 00:00:00,21.22,66.0,29.8,0
2024-01-31 01:00:00,19.56,70.5,28.6,0
2024-01-31 02:00:00,19.81,68.1,27.0,5
2024-01-31 03:00:00,21.44,66.7,28.7,0
2024-01-31 04:00:00,20.94,68.0,27.8,0
2024-01-31 05:00:00,20.62,71.3,32.4,0
2024-01-31 06:00:00,20.75,67.7,29.8,0
2024-01-31 07:00:00,20.97,69.4,29.5,0
2024-01-31 08:00:00,20.23,67.2,31.3,2
2024-01-31 09:00:00,20.0,70.1,28.4,0
2024-01-31 10:00:00,20.75,69.9,29.0,0
2024-01-31 11:00:00,19.77,72.2,30.2,0
2024-01-31 12:00:00,20.85,68.0,31.7,0
2024-01-31 13:00:00,19.13,69.7,31.0,0
2024-01-31 14:00:00,21.28,68.5,30.6,0
2024-01-31 15:00:00,20.81,70.8,30.4,2
2024-01-31 16:00:00,20.61,66.7,31.0,1
2024-01-31 17:00:00,21.16,69.6,30.7,0
2024-01-31 18:00:00,21.68,67.6,28.9,0
2024-01-31 19:00:00,21.13,67.8,30.6,0
2024-01-31 20:00:00,18.82,68.0,28.9,2
2024-01-31 21:00:00,19.25,68.3,30.7,1
2024-01-31 22:00:00,19.75,67.5,29.9,0
2024-01-31 23:00:00,20.25,68.1,34.5,0
2024-02-01 00:00:00,20.62,70.7,30.6,0
2024-02-01 01:00:00,19.61,69.5,28.6,0
2024-02-01 02:00:00,20.32,69.2,30.6,0
2024-02-01 03:00:00,19.55,66.4,31.6,0
2024-02-01 04:00:00,19.64,65.5,33.4,0
2024-02-01 05:00:00,18.99,69.1,30.0,0
2024-02-01 06:00:00,19.36,68.9,28.6,1
2024-02-01 07:00:00,19.01,70.0,32.2,0
2024-02-01 08:00:00,19.29,65.7,29.0,0
2024-02-01 09:00:00,20.91,66.4,30.4,0
2024-02-01 10:00:00,19.29,63.5,30.7,0
2024-02-01 11:00:00,22.15,65.9,31.1,0
2024-02-01 12:00:00,20.43,68.6,32.2,0
2024-02-01 13:00:00,20.17,65.6,30.2,0
2024-02-01 14:00:00,19.33,67.7,30.9,0
2024-02-01 15:00:00,20.57,66.0,31.3,0
2024-02-01 16:00:00,19.55,66.9,31.6,0
2024-02-01 17:00:00,20.1,63.9,31.6,0
2024-02-01 18:00:00,22.05,66.2,32.1,0
2024-02-01 19:00:00,19.92,60.0,32.8,0
2024-02-01 20:00:00,20.92,65.5,32.1,0
2024-02-01 21:00:00,19.44,62.5,32.3,0
2024-02-01 22:00:00,19.97,68.1,29.3,0
2024-02-01 23:00:00,21.42,67.2,31.7,5
2024-02-02 00:00:00,19.51,66.4,32.4,0
2024-02-02 01:00:00,21.46,68.4,32.8,0
2024-02-02 02:00:00,20.58,63.4,30.7,0
2024-02-02 03:00:00,19.58,68.7,30.8,0
2024-02-02 04:00:00,20.54,67.0,31.0,0
2024-02-02 05:00:00,20.82,64.5,32.7,0
2024-02-02 06:00:00,20.55,67.2,33.5,0
2024-02-02 07:00:00,18.81,62.6,31.4,1
2024-02-02 08:00:00,19.49,63.1,33.4,0
2024-02-02 09:00:00,19.89,63.4,32.3,0
2024-02-02 10:00:00,20.04,63.5,31.9,2
2024-02-02 11:00:00,20.61,62.3,31.8,0
2024-02-02 12:00:00,20.27,66.7,33.3,0
2024-02-02 13:00:00,19.08,63.7,32.7,0
2024-02-02 14:00:00,20.47,64.8,35.7,0
2024-02-02 15:00:00,20.67,62.8,31.0,0
2024-02-02 16:00:00,20.65,60.2,33.1,0
2024-02-02 17:00:00,21.09,64.3,31.6,0
2024-02-02 18:00:00,20.91,59.8,31.1,0
2024-02-02 19:00:00,20.64,63.4,32.4,0
2024-02-02 20:00:00,20.24,60.7,32.7,0
2024-02-02 21:00:00,18.99,67.3,36.9,0
2024-02-02 22:00:00,20.69,65.1,32.3,2
2024-02-02 23:00:00,20.54,63.3,30.9,0
2024-02-03 00:00:00,20.62,65.5,33.0,0
2024-02-03 01:00:00,19.41,61.2,29.6,0
2024-02-03 02:00:00,19.59,63.9,32.6,0
2024-02-03 03:00:00,21.33,63.1,32.8,0
2024-02-03 04:00:00,20.49,63.1,34.0,0
2024-02-03 05:00:00,21.1,65.0,34.3,5
2024-02-03 06:00:00,20.61,63.8,32.1,2
2024-02-03 07:00:00,20.64,62.8,32.7,1
2024-02-03 08:00:00,21.4,58.8,31.8,1
2024-02-03 09:00:00,20.28,60.1,31.3,0
2024-02-03 10:00:00,20.8,61.7,33.5,0
2024-02-03 11:00:00,20.4,62.0,31.1,1
2024-02-03 12:00:00,20.46,59.4,32.4,0
2024-02-03 13:00:00,20.6,66.4,31.6,5
2024-02-03 14:00:00,21.06,64.5,34.0,0
2024-02-03 15:00:00,20.54,62.5,35.9,0
2024-02-03 16:00:00,21.97,61.4,31.2,0
2024-02-03 17:00:00,20.29,60.7,30.5,2
2024-02-03 18:00:00,20.9,59.1,33.1,0
2024-02-03 19:00:00,20.75,61.0,33.3,0
2024-02-03 20:00:00,22.3,61.3,33.7,0
2024-02-03 21:00:00,21.35,58.2,32.7,0
2024-02-03 22:00:00,22.06,61.2,33.1,0
2024-02-03 23:00:00,20.1,60.1,34.0,0
2024-02-04 00:00:00,21.55,56.5,35.0,0
2024-02-04 01:00:00,22.09,58.5,30.6,0
2024-02-04 02:00:00,21.5,59.2,33.0,0
2024-02-04 03:00:00,22.34,63.7,33.9,0
2024-02-04 04:00:00,21.12,61.0,32.2,0
2024-02-04 05:00:00,22.71,57.1,36.2,0
2024-02-04 06:00:00,23.48,60.6,32.7,5
2024-02-04 07:00:00,21.4,56.4,33.6,0
2024-02-04 08:00:00,21.39,61.5,34.5,0
2024-02-04 09:00:00,22.97,58.3,32.8,0
2024-02-04 10:00:00,23.12,59.0,31.0,0
2024-02-04 11:00:00,21.5,61.7,33.1,0
2024-02-04 12:00:00,21.64,56.3,35.4,0
2024-02-04 13:00:00,21.8,56.0,33.3,0
2024-02-04 14:00:00,21.01,57.5,32.6,0
2024-02-04 15:00:00,21.41,60.7,35.3,0
2024-02-04 16:00:00,21.4,55.4,33.4,0
2024-02-04 17:00:00,21.65,52.7,33.2,0
2024-02-04 18:00:00,22.3,57.3,34.2,0
2024-02-04 19:00:00,22.58,59.2,35.2,0
2024-02-04 20:00:00,23.69,60.4,37.6,2
2024-02-04 21:00:00,21.71,57.0,35.3,0
2024-02-04 22:00:00,23.36,57.0,35.8,0
2024-02-04 23:00:00,22.47,60.0,33.3,0
2024-02-05 00:00:00,22.66,53.8,32.6,1
2024-02-05 01:00:00,23.3,56.7,34.2,0
2024-02-05 02:00:00,21.93,57.7,34.3,0
2024-02-05 03:00:00,23.2,58.1,32.6,0
2024-02-05 04:00:00,23.09,56.1,34.0,5
2024-02-05 05:00:00,23.42,57.1,34.8,0
2024-02-05 06:00:00,23.32,51.9,34.8,1
2024-02-05 07:00:00,25.12,55.5,35.0,0
2024-02-05 08:00:00,22.72,57.6,34.7,0
2024-02-05 09:00:00,22.87,54.6,33.6,0
2024-02-05 10:00:00,22.86,56.6,33.6,0
2024-02-05 11:00:00,22.99,57.3,32.6,1
2024-02-05 12:00:00,22.99,55.6,37.1,0
2024-02-05 13:00:00,24.52,56.5,34.4,0
2024-02-05 14:00:00,24.77,54.1,34.1,0
2024-02-05 15:00:00,23.25,55.5,33.1,0
2024-02-05 16:00:00,23.11,57.0,38.9,0
2024-02-05 17:00:00,24.22,56.0,32.9,0
2024-02-05 18:00:00,23.47,54.4,33.9,0
2024-02-05 19:00:00,24.49,56.0,35.2,0
2024-02-05 20:00:00,24.22,56.8,35.4,0
2024-02-05 21:00:00,22.91,51.2,36.0,0
2024-02-05 22:00:00,25.44,57.5,37.3,0
2024-02-05 23:00:00,25.71,54.4,35.4,0
2024-02-06 00:00:00,23.85,55.9,33.0,0
2024-02-06 01:00:00,24.1,57.3,34.2,0
2024-02-06 02:00:00,24.71,52.1,35.1,0
2024-02-06 03:00:00,24.82,53.3,37.8,0
2024-02-06 04:00:00,25.15,54.0,32.6,2
2024-02-06 05:00:00,26.31,53.0,36.5,0
2024-02-06 06:00:00,24.63,57.9,35.0,1
2024-02-06 07:00:00,24.2,52.6,36.0,0
2024-02-06 08:00:00,23.81,53.1,34.6,2
2024-02-06 09:00:00,24.4,54.5,33.5,0
2024-02-06 10:00:00,25.03,51.6,35.9,0
2024-02-06 11:00:00,26.57,53.2,35.8,0
2024-02-06 12:00:00,24.79,54.5,36.2,0
2024-02-06 13:00:00,25.45,53.1,34.8,2
2024-02-06 14:00:00,25.33,53.5,33.9,0
2024-02-06 15:00:00,26.37,52.5,32.5,0
2024-02-06 16:00:00,27.51,50.5,36.1,2
2024-02-06 17:00:00,25.14,54.1,35.5,0
2024-02-06 18:00:00,25.24,56.8,33.4,0
2024-02-06 19:00:00,26.54,53.3,34.1,0
2024-02-06 20:00:00,26.32,53.6,34.2,2
2024-02-06 21:00:00,27.32,54.5,32.7,0
2024-02-06 22:00:00,26.38,50.5,33.7,0
2024-02-06 23:00:00,25.7,56.3,33.2,0
2024-02-07 00:00:00,26.53,53.2,34.3,0
2024-02-07 01:00:00,27.01,56.0,33.8,0
2024-02-07 02:00:00,26.85,51.2,32.5,1
2024-02-07 03:00:00,26.67,56.2,38.0,2
2024-02-07 04:00:00,27.19,54.1,36.8,0
2024-02-07 05:00:00,27.34,53.6,33.8,0
2024-02-07 06:00:00,27.58,52.8,35.4,0
2024-02-07 07:00:00,27.06,51.8,35.6,0
2024-02-07 08:00:00,26.48,54.6,36.8,0
2024-02-07 09:00:00,26.8,52.4,33.7,1
2024-02-07 10:00:00,27.71,48.1,36.6,0
2024-02-07 11:00:00,26.16,49.8,34.2,0
2024-02-07 12:00:00,27.18,51.6,33.0,0
2024-02-07 13:00:00,26.63,52.5,36.1,0
2024-02-07 14:00:00,27.04,51.7,36.9,0
2024-02-07 15:00:00,28.1,54.2,38.9,0
2024-02-07 16:00:00,27.3,47.8,33.2,1
2024-02-07 17:00:00,27.25,51.9,36.0,2
2024-02-07 18:00:00,26.19,47.9,34.4,0
2024-02-07 19:00:00,27.93,53.0,36.2,1
2024-02-07 20:00:00,27.92,51.2,32.8,0
2024-02-07 21:00:00,29.19,52.2,33.1,0
2024-02-07 22:00:00,27.28,49.6,33.8,0
2024-02-07 23:00:00,27.76,53.8,35.1,0
2024-02-08 00:00:00,27.85,53.3,34.0,2
2024-02-08 01:00:00,28.97,52.3,36.0,0
2024-02-08 02:00:00,27.69,50.8,36.5,0
2024-02-08 03:00:00,28.05,52.2,35.9,0
2024-02-08 04:00:00,28.37,49.6,37.4,0
2024-02-08 05:00:00,28.1,52.7,35.6,0
2024-02-08 06:00:00,27.65,54.2,33.2,0
2024-02-08 07:00:00,28.22,53.0,37.0,0
2024-02-08 08:00:00,28.98,49.3,34.1,0
2024-02-08 09:00:00,27.35,51.5,36.3,0
2024-02-08 10:00:00,28.34,48.1,37.3,0
2024-02-08 11:00:00,27.72,51.8,35.7,0
2024-02-08 12:00:00,29.29,51.5,32.7,0
2024-02-08 13:00:00,27.17,46.9,33.6,1
2024-02-08 14:00:00,28.0,48.2,36.9,0
2024-02-08 15:00:00,28.8,50.0,34.7,0
2024-02-08 16:00:00,29.8,49.9,35.1,0
2024-02-08 17:00:00,28.54,48.0,36.1,0
2024-02-08 18:00:00,28.2,51.2,36.0,0
2024-02-08 19:00:00,30.2,50.9,35.3,0
2024-02-08 20:00:00,27.59,50.0,34.6,0
2024-02-08 21:00:00,27.03,48.8,34.4,0
2024-02-08 22:00:00,29.19,52.4,36.2,0
2024-02-08 23:00:00,28.48,53.6,35.7,0
2024-02-09 00:00:00,28.11,49.3,34.5,0
2024-02-09 01:00:00,29.54,49.0,36.5,0
2024-02-09 02:00:00,29.21,51.2,34.7,0
2024-02-09 03:00:00,28.61,49.5,33.6,0
2024-02-09 04:00:00,28.08,49.9,33.7,0
2024-02-09 05:00:00,29.84,51.6,33.3,0
2024-02-09 06:00:00,29.7,46.3,34.4,0
2024-02-09 07:00:00,29.14,52.7,36.6,0
2024-02-09 08:00:00,30.73,50.2,33.6,0
2024-02-09 09:00:00,28.44,49.2,35.1,0
2024-02-09 10:00:00,28.11,49.9,33.8,0
2024-02-09 11:00:00,28.81,50.0,34.4,0
2024-02-09 12:00:00,29.36,46.6,32.5,0
2024-02-09 13:00:00,29.63,53.0,34.4,0
2024-02-09 14:00:00,29.27,50.1,34.4,0
2024-02-09 15:00:00,29.78,50.9,35.5,0
2024-02-09 16:00:00,28.53,51.9,35.0,0
2024-02-09 17:00:00,30.72,48.0,32.9,0
2024-02-09 18:00:00,29.52,50.9,36.3,0
2024-02-09 19:00:00,30.51,49.5,34.9,0
2024-02-09 20:00:00,29.92,51.7,34.9,0
2024-02-09 21:00:00,30.04,45.7,34.6,0
2024-02-09 22:00:00,30.15,49.8,33.8,0
2024-02-09 23:00:00,30.08,48.8,34.9,0
2024-02-10 00:00:00,30.26,50.9,35.2,0
2024-02-10 01:00:00,30.83,51.0,31.9,2
2024-02-10 02:00:00,29.94,48.6,33.7,0
2024-02-10 03:00:00,30.37,48.6,34.1,0
2024-02-10 04:00:00,29.75,49.8,34.8,0
2024-02-10 05:00:00,31.0,48.3,36.2,0
2024-02-10 06:00:00,29.32,51.8,33.3,0
2024-02-10 07:00:00,31.32,49.4,33.7,0
2024-02-10 08:00:00,29.86,44.3,33.6,0
2024-02-10 09:00:00,28.76,49.4,33.2,0
2024-02-10 10:00:00,30.02,48.1,33.8,0
2024-02-10 11:00:00,29.39,46.9,35.5,0
2024-02-10 12:00:00,30.62,47.7,32.7,0
2024-02-10 13:00:00,29.43,50.4,34.9,0
2024-02-10 14:00:00,29.61,52.9,31.7,2
2024-02-10 15:00:00,28.46,50.9,33.4,1
2024-02-10 16:00:00,29.62,49.1,33.7,1
2024-02-10 17:00:00,28.05,51.2,36.7,0
2024-02-10 18:00:00,28.72,49.4,33.7,2
2024-02-10 19:00:00,30.6,49.0,30.8,0
2024-02-10 20:00:00,30.63,48.1,31.1,0
2024-02-10 21:00:00,30.34,46.9,34.1,0
2024-02-10 22:00:00,29.23,49.7,35.0,0
2024-02-10 23:00:00,29.96,50.8,34.6,0
2024-02-11 00:00:00,30.0,50.4,34.3,0
2024-02-11 01:00:00,29.07,49.8,35.7,0
2024-02-11 02:00:00,31.2,48.7,33.1,0
2024-02-11 03:00:00,30.69,51.9,35.3,0
2024-02-11 04:00:00,29.81,48.1,31.4,0
2024-02-11 05:00:00,30.0,52.3,32.5,0
2024-02-11 06:00:00,30.14,48.8,31.1,0
2024-02-11 07:00:00,28.33,49.3,33.4,0
2024-02-11 08:00:00,29.75,48.0,33.7,0
2024-02-11 09:00:00,29.4,49.9,33.9,0
2024-02-11 10:00:00,29.13,52.9,33.8,0
2024-02-11 11:00:00,29.69,52.1,32.3,0
2024-02-11 12:00:00,31.34,53.0,33.4,0
2024-02-11 13:00:00,30.4,52.2,31.4,0
2024-02-11 14:00:00,29.42,49.0,35.7,0
2024-02-11 15:00:00,30.32,50.6,33.1,0
2024-02-11 16:00:00,30.96,49.7,32.8,0
2024-02-11 17:00:00,30.56,54.0,35.9,1
2024-02-11 18:00:00,29.85,49.0,31.6,0
2024-02-11 19:00:00,29.26,53.3,31.8,0
2024-02-11 20:00:00,30.32,53.3,31.8,0
2024-02-11 21:00:00,30.05,55.3,33.3,2
2024-02-11 22:00:00,30.43,50.9,34.0,0
2024-02-11 23:00:00,30.2,53.2,34.4,0
2024-02-12 00:00:00,30.5,56.4,37.2,0
2024-02-12 01:00:00,29.21,50.6,29.9,0
2024-02-12 02:00:00,30.66,48.9,34.1,0
2024-02-12 03:00:00,29.74,48.2,32.4,0
2024-02-12 04:00:00,31.21,53.5,32.3,0
2024-02-12 05:00:00,28.97,48.4,32.2,0
2024-02-12 06:00:00,30.88,51.5,31.7,0
2024-02-12 07:00:00,29.62,53.2,35.6,0
2024-02-12 08:00:00,28.9,52.7,34.3,0
2024-02-12 09:00:00,29.0,53.3,33.0,5
2024-02-12 10:00:00,29.1,53.0,35.0,0
2024-02-12 11:00:00,29.66,55.1,30.7,0
2024-02-12 12:00:00,29.7,50.8,30.9,0
2024-02-12 13:00:00,28.79,51.4,29.6,0
2024-02-12 14:00:00,29.19,51.3,31.8,0
2024-02-12 15:00:00,30.88,54.6,33.0,0
2024-02-12 16:00:00,30.51,54.8,32.9,0
2024-02-12 17:00:00,29.44,54.0,32.9,10
2024-02-12 18:00:00,29.08,55.5,30.6,0
2024-02-12 19:00:00,29.1,50.9,33.8,1
2024-02-12 20:00:00,29.45,56.7,33.0,0
2024-02-12 21:00:00,28.1,56.5,33.7,1
2024-02-12 22:00:00,28.66,55.0,29.7,0
2024-02-12 23:00:00,27.49,57.1,33.0,0
2024-02-13 00:00:00,29.1,50.4,30.7,1
2024-02-13 01:00:00,29.25,52.7,31.8,0
2024-02-13 02:00:00,28.29,52.4,33.2,0
2024-02-13 03:00:00,29.89,55.4,32.5,0
2024-02-13 04:00:00,27.6,51.9,31.0,0
2024-02-13 05:00:00,27.36,55.6,32.3,0
2024-02-13 06:00:00,28.66,57.0,29.9,1
2024-02-13 07:00:00,29.27,55.7,33.9,0
2024-02-13 08:00:00,29.72,55.0,31.8,0
2024-02-13 09:00:00,27.96,52.5,33.8,0
2024-02-13 10:00:00,29.13,52.9,31.3,0
2024-02-13 11:00:00,28.18,57.2,31.2,0
2024-02-13 12:00:00,28.02,56.4,30.8,0
2024-02-13 13:00:00,28.81,54.8,33.3,0
2024-02-13 14:00:00,28.57,54.2,30.9,0
2024-02-13 15:00:00,26.73,51.0,32.8,0
2024-02-13 16:00:00,29.11,53.1,31.3,0
2024-02-13 17:00:00,28.98,59.1,28.8,0
2024-02-13 18:00:00,27.31,52.8,30.9,0
2024-02-13 19:00:00,28.07,55.9,29.9,0
2024-02-13 20:00:00,28.09,57.6,31.7,0
2024-02-13 21:00:00,27.84,53.2,29.8,1
2024-02-13 22:00:00,27.13,56.2,33.0,0
2024-02-13 23:00:00,26.97,57.8,31.4,0
2024-02-14 00:00:00,27.42,56.1,31.2,0
2024-02-14 01:00:00,28.32,61.9,32.5,0
2024-02-14 02:00:00,27.75,52.9,32.9,1
2024-02-14 03:00:00,26.96,58.5,31.4,0
2024-02-14 04:00:00,27.81,56.1,30.2,0
2024-02-14 05:00:00,24.85,58.1,28.6,0
2024-02-14 06:00:00,27.98,57.6,30.2,0
2024-02-14 07:00:00,25.6,55.3,30.3,0
2024-02-14 08:00:00,26.64,57.3,31.3,0
2024-02-14 09:00:00,25.97,53.3,30.6,1
2024-02-14 10:00:00,25.76,58.3,32.1,1
2024-02-14 11:00:00,27.66,57.8,30.1,0
2024-02-14 12:00:00,26.28,58.6,30.9,0
2024-02-14 13:00:00,26.87,59.6,32.7,0
2024-02-14 14:00:00,26.48,58.3,31.4,2
2024-02-14 15:00:00,26.84,58.0,30.8,10
2024-02-14 16:00:00,26.45,56.0,29.9,0
2024-02-14 17:00:00,25.29,56.5,29.8,0
2024-02-14 18:00:00,27.04,60.4,29.5,0
2024-02-14 19:00:00,25.78,61.0,29.9,0
2024-02-14 20:00:00,24.86,57.7,31.8,0
2024-02-14 21:00:00,25.69,58.4,30.3,0
2024-02-14 22:00:00,27.17,56.6,28.6,0
2024-02-14 23:00:00,26.57,60.9,33.2,0
2024-02-15 00:00:00,25.54,60.0,31.0,0
2024-02-15 01:00:00,25.47,62.7,28.3,0
2024-02-15 02:00:00,25.42,57.2,29.7,0
2024-02-15 03:00:00,27.27,58.3,30.5,0
2024-02-15 04:00:00,25.84,59.6,32.9,0
2024-02-15 05:00:00,25.81,60.5,28.6,0
2024-02-15 06:00:00,26.22,58.9,31.7,0
2024-02-15 07:00:00,25.51,57.7,32.3,0
2024-02-15 08:00:00,25.04,61.4,29.2,0
2024-02-15 09:00:00,25.02,61.2,29.7,0
2024-02-15 10:00:00,25.05,58.0,28.5,0
2024-02-15 11:00:00,25.01,62.7,29.7,0
2024-02-15 12:00:00,25.55,62.4,29.9,0
2024-02-15 13:00:00,24.93,60.4,30.9,0
2024-02-15 14:00:00,25.41,60.4,31.5,0
2024-02-15 15:00:00,24.68,61.5,28.7,0
2024-02-15 16:00:00,24.74,58.8,26.9,0
2024-02-15 17:00:00,23.01,60.7,29.7,0
2024-02-15 18:00:00,25.27,56.4,30.2,0
2024-02-15 19:00:00,24.74,62.6,30.1,0
2024-02-15 20:00:00,25.19,57.9,29.1,2
2024-02-15 21:00:00,22.0,64.1,29.8,0
2024-02-15 22:00:00,25.92,60.5,31.8,0
2024-02-15 23:00:00,24.06,60.9,30.1,0
2024-02-16 00:00:00,24.99,60.2,28.9,2
2024-02-16 01:00:00,23.2,61.0,28.7,0
2024-02-16 02:00:00,24.45,64.5,29.1,0
2024-02-16 03:00:00,23.05,56.8,31.8,0
2024-02-16 04:00:00,23.32,64.4,29.0,0
2024-02-16 05:00:00,25.29,62.7,29.2,0
2024-02-16 06:00:00,23.53,59.7,28.5,0
2024-02-16 07:00:00,23.79,60.1,30.8,0
2024-02-16 08:00:00,24.24,65.7,32.1,0
2024-02-16 09:00:00,23.87,60.6,29.8,0
2024-02-16 10:00:00,23.53,60.3,29.2,0
2024-02-16 11:00:00,23.63,64.9,29.0,0
2024-02-16 12:00:00,25.2,63.5,25.4,0
2024-02-16 13:00:00,23.16,61.0,30.0,0
2024-02-16 14:00:00,23.3,63.4,29.1,0
2024-02-16 15:00:00,23.91,61.1,29.5,0
2024-02-16 16:00:00,23.89,65.4,27.7,0
2024-02-16 17:00:00,23.89,65.5,28.2,0
2024-02-16 18:00:00,23.39,64.5,28.1,0
2024-02-16 19:00:00,21.9,64.3,30.2,0
2024-02-16 20:00:00,24.05,67.2,28.0,0
2024-02-16 21:00:00,21.76,63.8,31.7,0
2024-02-16 22:00:00,22.86,61.5,29.2,5
2024-02-16 23:00:00,21.95,64.9,26.6,0
2024-02-17 00:00:00,22.44,68.3,28.3,0
2024-02-17 01:00:00,22.69,62.2,27.4,0
2024-02-17 02:00:00,22.63,63.6,25.1,0
2024-02-17 03:00:00,22.65,65.2,30.7,0
2024-02-17 04:00:00,23.54,64.4,29.3,0
2024-02-17 05:00:00,22.55,62.6,29.0,0
2024-02-17 06:00:00,21.93,66.9,28.5,1
2024-02-17 07:00:00,22.84,69.4,26.1,0
2024-02-17 08:00:00,22.96,65.3,27.4,0
2024-02-17 09:00:00,20.97,63.2,29.3,1
2024-02-17 10:00:00,22.38,62.0,26.5,0
2024-02-17 11:00:00,22.4,65.7,24.2,0
2024-02-17 12:00:00,21.55,67.5,27.6,0
2024-02-17 13:00:00,22.83,66.3,27.7,0
2024-02-17 14:00:00,21.56,65.5,28.1,0
2024-02-17 15:00:00,21.72,64.4,28.9,0
2024-02-17 16:00:00,21.43,63.5,28.8,0
2024-02-17 17:00:00,21.53,67.4,28.2,2
2024-02-17 18:00:00,20.59,67.7,29.5,2
2024-02-17 19:00:00,20.27,62.9,25.4,1
2024-02-17 20:00:00,22.64,69.2,28.4,0
2024-02-17 21:00:00,20.64,67.3,28.6,0
2024-02-17 22:00:00,20.48,69.0,25.7,0
2024-02-17 23:00:00,19.5,63.6,25.3,0
2024-02-18 00:00:00,20.67,63.7,26.4,1
2024-02-18 01:00:00,20.07,66.2,26.5,0
2024-02-18 02:00:00,22.4,67.6,28.6,1
2024-02-18 03:00:00,21.85,70.3,26.5,0
2024-02-18 04:00:00,20.45,68.2,26.1,5
2024-02-18 05:00:00,22.76,66.4,26.4,1
2024-02-18 06:00:00,21.7,64.9,29.0,0
2024-02-18 07:00:00,20.61,69.5,27.3,0
2024-02-18 08:00:00,18.83,65.2,26.9,0
2024-02-18 09:00:00,22.62,70.4,27.0,0
2024-02-18 10:00:00,19.64,66.7,29.1,0
2024-02-18 11:00:00,19.4,70.5,26.0,0
2024-02-18 12:00:00,21.5,68.8,29.0,1
2024-02-18 13:00:00,22.6,67.2,27.4,0
2024-02-18 14:00:00,21.72,66.5,26.8,0
2024-02-18 15:00:00,21.03,67.0,30.7,0
2024-02-18 16:00:00,21.02,68.6,25.3,0
2024-02-18 17:00:00,21.19,67.9,26.4,0
2024-02-18 18:00:00,21.09,66.7,25.0,0
2024-02-18 19:00:00,20.67,67.6,28.3,0
2024-02-18 20:00:00,20.5,68.2,29.3,0
2024-02-18 21:00:00,20.34,63.8,29.3,0
2024-02-18 22:00:00,19.76,69.0,28.6,0
2024-02-18 23:00:00,20.11,66.2,26.4,0
2024-02-19 00:00:00,18.96,66.0,26.1,0
2024-02-19 01:00:00,20.21,65.0,24.1,0
2024-02-19 02:00:00,19.47,64.8,29.7,2
2024-02-19 03:00:00,19.36,65.7,27.3,0
2024-02-19 04:00:00,20.36,67.1,25.8,0
2024-02-19 05:00:00,21.31,72.5,28.5,0
2024-02-19 06:00:00,20.91,67.6,25.0,0
2024-02-19 07:00:00,18.9,69.0,27.1,2
2024-02-19 08:00:00,19.35,69.5,26.2,0
2024-02-19 09:00:00,20.88,69.1,27.3,0
2024-02-19 10:00:00,19.32,68.7,26.3,0
2024-02-19 11:00:00,19.92,66.5,24.2,0
2024-02-19 12:00:00,20.52,71.9,26.4,0
2024-02-19 13:00:00,19.3,72.6,27.8,0
2024-02-19 14:00:00,20.14,65.7,26.2,0
2024-02-19 15:00:00,18.98,67.1,27.4,0
2024-02-19 16:00:00,19.56,68.6,24.6,0
2024-02-19 17:00:00,20.29,67.3,26.1,0
2024-02-19 18:00:00,18.75,70.3,25.2,0
2024-02-19 19:00:00,20.37,67.8,27.2,0
2024-02-19 20:00:00,20.0,73.7,26.1,0
2024-02-19 21:00:00,20.45,71.8,27.1,0
2024-02-19 22:00:00,20.18,69.8,27.7,0
2024-02-19 23:00:00,21.09,71.5,27.0,0
2024-02-20 00:00:00,20.1,71.7,26.4,0
2024-02-20 01:00:00,19.66,68.4,24.4,0
2024-02-20 02:00:00,20.1,67.9,25.9,2
2024-02-20 03:00:00,20.44,69.7,25.1,0
2024-02-20 04:00:00,20.04,71.3,25.4,0
2024-02-20 05:00:00,20.04,69.9,25.3,0
2024-02-20 06:00:00,19.45,66.5,24.4,1
2024-02-20 07:00:00,19.49,68.1,22.9,0
2024-02-20 08:00:00,18.91,69.6,24.8,5
2024-02-20 09:00:00,21.44,69.6,26.0,2
2024-02-20 10:00:00,19.05,73.7,23.7,0
2024-02-20 11:00:00,19.5,67.0,25.7,2
2024-02-20 12:00:00,19.49,70.8,28.5,0
2024-02-20 13:00:00,20.79,72.8,27.2,0
2024-02-20 14:00:00,19.86,74.4,28.1,0
2024-02-20 15:00:00,21.1,69.1,26.2,0
2024-02-20 16:00:00,19.58,70.9,27.4,0
2024-02-20 17:00:00,20.36,71.1,24.5,0
2024-02-20 18:00:00,19.49,70.3,24.6,0
2024-02-20 19:00:00,21.89,69.7,21.4,0
2024-02-20 20:00:00,19.24,70.8,27.3,0
2024-02-20 21:00:00,20.46,64.9,27.8,0
2024-02-20 22:00:00,20.74,71.3,24.7,0
2024-02-20 23:00:00,20.59,70.2,25.1,0
2024-02-21 00:00:00,20.13,69.5,24.3,0
2024-02-21 01:00:00,20.2,74.1,26.0,0
2024-02-21 02:00:00,20.36,68.6,27.1,0
2024-02-21 03:00:00,20.24,69.2,22.8,0
2024-02-21 04:00:00,21.15,74.0,26.0,0
2024-02-21 05:00:00,22.18,68.3,24.9,2
2024-02-21 06:00:00,19.99,68.9,25.5,0
2024-02-21 07:00:00,19.37,69.7,26.0,2
2024-02-21 08:00:00,20.43,71.7,25.0,0
2024-02-21 09:00:00,22.6,70.4,25.1,0
2024-02-21 10:00:00,19.92,67.4,25.0,0
2024-02-21 11:00:00,21.91,68.9,26.7,0
2024-02-21 12:00:00,21.98,68.7,25.9,0
2024-02-21 13:00:00,20.23,69.8,25.6,0
2024-02-21 14:00:00,21.16,70.8,23.3,0
2024-02-21 15:00:00,22.05,70.8,24.7,0
2024-02-21 16:00:00,20.48,66.4,26.6,0
2024-02-21 17:00:00,20.66,72.0,25.3,0
2024-02-21 18:00:00,20.39,70.4,26.2,0
2024-02-21 19:00:00,20.09,72.6,27.8,0
2024-02-21 20:00:00,20.42,70.7,26.7,0
2024-02-21 21:00:00,20.01,72.0,25.3,0
2024-02-21 22:00:00,21.05,70.7,24.4,0
2024-02-21 23:00:00,20.46,72.5,21.3,1
2024-02-22 00:00:00,21.3,70.8,24.9,0
2024-02-22 01:00:00,19.92,69.5,24.6,0
2024-02-22 02:00:00,21.47,74.2,25.7,0
2024-02-22 03:00:00,21.92,71.4,24.9,0
2024-02-22 04:00:00,19.71,70.8,24.6,0
2024-02-22 05:00:00,21.65,67.0,22.4,0
2024-02-22 06:00:00,22.38,67.0,23.7,0
2024-02-22 07:00:00,20.49,70.1,25.8,0
2024-02-22 08:00:00,22.84,69.8,27.6,0
2024-02-22 09:00:00,21.89,68.2,24.9,0
2024-02-22 10:00:00,21.04,69.7,25.5,0
2024-02-22 11:00:00,21.62,72.5,26.5,0
2024-02-22 12:00:00,22.16,70.7,23.8,0
2024-02-22 13:00:00,21.83,67.0,25.6,0
2024-02-22 14:00:00,22.26,69.0,23.9,0
2024-02-22 15:00:00,21.14,67.6,26.3,0
2024-02-22 16:00:00,22.07,68.4,25.2,2
2024-02-22 17:00:00,20.86,68.3,25.5,0
2024-02-22 18:00:00,21.96,68.1,23.8,0
2024-02-22 19:00:00,21.39,66.5,26.1,0
2024-02-22 20:00:00,21.58,68.7,28.1,0
2024-02-22 21:00:00,23.22,67.8,23.5,0
2024-02-22 22:00:00,23.16,63.0,24.5,0
2024-02-22 23:00:00,22.84,72.9,25.3,0
2024-02-23 00:00:00,21.54,70.9,26.2,0
2024-02-23 01:00:00,22.22,67.9,24.2,0
2024-02-23 02:00:00,23.51,68.7,20.8,0
2024-02-23 03:00:00,22.71,66.2,27.0,0
2024-02-23 04:00:00,24.52,71.9,26.1,0
2024-02-23 05:00:00,23.04,72.2,22.4,0
2024-02-23 06:00:00,22.94,68.7,24.1,0
2024-02-23 07:00:00,22.61,70.4,27.4,0
2024-02-23 08:00:00,23.03,68.6,27.2,0
2024-02-23 09:00:00,22.86,65.5,26.4,0
2024-02-23 10:00:00,23.62,67.3,24.7,0
2024-02-23 11:00:00,23.88,68.3,25.1,0
2024-02-23 12:00:00,22.56,67.1,24.8,0
2024-02-23 13:00:00,22.19,67.5,26.7,0
2024-02-23 14:00:00,21.85,67.7,23.7,0
2024-02-23 15:00:00,23.8,67.6,23.8,0
2024-02-23 16:00:00,22.57,67.8,26.6,0
2024-02-23 17:00:00,21.8,65.5,25.0,0
2024-02-23 18:00:00,23.91,66.1,27.1,0
2024-02-23 19:00:00,25.66,64.9,24.1,0
2024-02-23 20:00:00,23.73,69.4,25.0,1
2024-02-23 21:00:00,24.47,63.1,23.7,0
2024-02-23 22:00:00,23.94,69.6,25.1,5
2024-02-23 23:00:00,23.86,69.9,22.9,1
2024-02-24 00:00:00,24.75,66.5,24.4,0
2024-02-24 01:00:00,23.85,61.8,22.9,2
2024-02-24 02:00:00,24.37,66.2,26.2,0
2024-02-24 03:00:00,24.48,66.7,26.2,0
2024-02-24 04:00:00,23.76,64.7,22.5,0
2024-02-24 05:00:00,25.16,65.6,27.1,0
2024-02-24 06:00:00,24.3,69.6,28.9,0
2024-02-24 07:00:00,23.91,67.8,25.2,0
2024-02-24 08:00:00,25.01,64.6,24.2,0
2024-02-24 09:00:00,23.94,63.1,29.4,0
2024-02-24 10:00:00,24.75,65.6,23.2,0
2024-02-24 11:00:00,24.79,65.7,25.2,1
2024-02-24 12:00:00,25.74,67.0,25.5,0
2024-02-24 13:00:00,25.32,64.9,27.3,0
2024-02-24 14:00:00,24.99,66.9,25.8,0
2024-02-24 15:00:00,25.74,69.6,24.5,0
2024-02-24 16:00:00,26.27,67.3,23.8,0
2024-02-24 17:00:00,25.68,65.5,24.8,0
2024-02-24 18:00:00,25.31,65.1,23.8,0
2024-02-24 19:00:00,24.32,64.7,25.4,0
2024-02-24 20:00:00,24.59,67.6,24.5,2
2024-02-24 21:00:00,25.27,63.9,23.1,0
2024-02-24 22:00:00,25.1,65.2,27.2,0
2024-02-24 23:00:00,25.51,65.1,24.6,0
2024-02-25 00:00:00,25.78,63.9,23.5,0
2024-02-25 01:00:00,26.23,62.0,25.2,0
2024-02-25 02:00:00,25.82,65.3,25.5,0
2024-02-25 03:00:00,26.33,64.5,22.8,0
2024-02-25 04:00:00,26.07,65.5,26.0,0
2024-02-25 05:00:00,24.5,63.3,23.9,0
2024-02-25 06:00:00,25.4,66.7,28.1,0
2024-02-25 07:00:00,26.11,62.4,26.3,0
2024-02-25 08:00:00,25.33,67.5,24.9,0
2024-02-25 09:00:00,26.84,60.5,24.4,0
2024-02-25 10:00:00,27.66,64.7,25.4,0
2024-02-25 11:00:00,27.48,64.7,26.5,0
2024-02-25 12:00:00,26.4,62.1,25.6,0
2024-02-25 13:00:00,27.83,64.4,25.3,0
2024-02-25 14:00:00,26.83,66.0,25.8,0
2024-02-25 15:00:00,26.5,58.9,24.8,0
2024-02-25 16:00:00,26.35,64.2,25.2,2
2024-02-25 17:00:00,26.67,58.1,22.6,0
2024-02-25 18:00:00,26.66,61.1,27.2,0
2024-02-25 19:00:00,27.18,66.1,26.2,0
2024-02-25 20:00:00,27.23,61.6,24.6,0
2024-02-25 21:00:00,27.17,60.3,28.7,0
2024-02-25 22:00:00,27.58,62.2,26.0,0
2024-02-25 23:00:00,28.25,66.6,24.3,0
2024-02-26 00:00:00,28.12,58.7,27.2,0
2024-02-26 01:00:00,26.24,60.1,26.5,0
2024-02-26 02:00:00,25.45,65.1,26.5,0
2024-02-26 03:00:00,28.3,65.7,25.3,0
2024-02-26 04:00:00,26.52,61.7,26.7,0
2024-02-26 05:00:00,27.49,59.3,25.6,0
2024-02-26 06:00:00,26.8,65.8,26.9,0
2024-02-26 07:00:00,26.35,64.7,23.2,0
2024-02-26 08:00:00,28.29,62.8,25.5,0
2024-02-26 09:00:00,28.52,59.7,28.7,0
2024-02-26 10:00:00,27.51,61.1,25.0,0
2024-02-26 11:00:00,25.96,60.8,25.3,0
2024-02-26 12:00:00,27.65,61.6,25.5,2
2024-02-26 13:00:00,28.45,63.8,24.4,0
2024-02-26 14:00:00,27.01,62.5,23.0,0
2024-02-26 15:00:00,28.4,58.5,26.0,0
2024-02-26 16:00:00,28.29,63.3,26.5,0
2024-02-26 17:00:00,28.82,61.0,26.3,0
2024-02-26 18:00:00,28.51,61.6,26.2,0
2024-02-26 19:00:00,27.69,63.1,26.5,0
2024-02-26 20:00:00,29.47,57.8,28.0,0
2024-02-26 21:00:00,28.44,59.9,26.2,0
2024-02-26 22:00:00,28.6,58.8,25.7,0
2024-02-26 23:00:00,27.92,56.6,26.1,0
2024-02-27 00:00:00,28.36,60.3,27.4,0
2024-02-27 01:00:00,28.06,64.5,28.7,0
2024-02-27 02:00:00,28.67,55.7,25.7,5
2024-02-27 03:00:00,30.23,59.2,26.8,0
2024-02-27 04:00:00,27.8,60.4,27.2,0
2024-02-27 05:00:00,27.66,59.3,25.2,0
2024-02-27 06:00:00,30.17,58.7,26.8,0
2024-02-27 07:00:00,28.87,56.2,24.6,0
2024-02-27 08:00:00,28.54,59.1,24.2,0
2024-02-27 09:00:00,29.95,57.0,27.4,0
2024-02-27 10:00:00,28.67,54.1,26.3,0
2024-02-27 11:00:00,30.66,60.7,27.2,0
2024-02-27 12:00:00,29.78,60.1,26.9,0
2024-02-27 13:00:00,28.88,58.2,25.5,0
2024-02-27 14:00:00,31.04,58.4,27.0,0
2024-02-27 15:00:00,28.86,60.0,25.2,0
2024-02-27 16:00:00,29.97,58.2,29.2,0
2024-02-27 17:00:00,29.65,59.5,25.1,0
2024-02-27 18:00:00,30.49,56.9,26.9,0
2024-02-27 19:00:00,30.73,60.0,25.7,0
2024-02-27 20:00:00,29.54,58.0,28.1,0
2024-02-27 21:00:00,28.94,57.6,26.8,0
2024-02-27 22:00:00,29.94,54.6,26.5,0
2024-02-27 23:00:00,29.06,57.6,28.6,1
2024-02-28 00:00:00,31.24,55.2,27.4,0
2024-02-28 01:00:00,29.76,55.5,28.2,0
2024-02-28 02:00:00,29.39,55.0,26.0,0
2024-02-28 03:00:00,29.85,54.4,25.4,0
2024-02-28 04:00:00,28.65,60.7,27.7,0
2024-02-28 05:00:00,28.98,59.0,27.1,0
2024-02-28 06:00:00,30.73,60.1,28.6,0
2024-02-28 07:00:00,29.27,53.7,27.5,0
2024-02-28 08:00:00,28.98,56.2,28.0,0
2024-02-28 09:00:00,30.26,53.3,25.3,0
2024-02-28 10:00:00,30.8,54.4,30.6,0
2024-02-28 11:00:00,30.44,53.9,27.6,0
2024-02-28 12:00:00,30.68,58.1,28.9,0
2024-02-28 13:00:00,29.29,54.7,26.6,5
2024-02-28 14:00:00,28.78,57.5,28.4,0
2024-02-28 15:00:00,31.13,56.5,26.0,0
2024-02-28 16:00:00,29.68,59.8,28.7,0
2024-02-28 17:00:00,29.75,52.1,27.5,0
2024-02-28 18:00:00,31.02,57.5,28.1,0
2024-02-28 19:00:00,30.41,57.2,29.2,0
2024-02-28 20:00:00,30.34,52.8,26.3,0
2024-02-28 21:00:00,31.71,56.7,27.2,0
2024-02-28 22:00:00,29.47,55.3,28.9,0
2024-02-28 23:00:00,30.73,54.0,31.4,0
2024-02-29 00:00:00,30.04,52.8,28.1,0
2024-02-29 01:00:00,30.21,52.9,29.3,0
2024-02-29 02:00:00,31.22,58.3,28.3,0
2024-02-29 03:00:00,30.41,54.1,31.4,0
2024-02-29 04:00:00,30.43,55.6,25.9,0
2024-02-29 05:00:00,30.86,52.4,28.7,0
2024-02-29 06:00:00,29.7,52.3,26.1,1
2024-02-29 07:00:00,29.32,55.9,24.9,0
2024-02-29 08:00:00,29.15,51.0,29.1,0
2024-02-29 09:00:00,28.41,52.7,28.9,0
2024-02-29 10:00:00,31.62,53.6,28.3,0
2024-02-29 11:00:00,29.08,53.6,28.6,0
2024-02-29 12:00:00,29.78,53.0,33.5,0
2024-02-29 13:00:00,29.73,54.0,28.5,2
2024-02-29 14:00:00,30.18,54.5,29.7,0
2024-02-29 15:00:00,30.58,54.5,28.0,0
2024-02-29 16:00:00,30.6,51.0,29.4,0
2024-02-29 17:00:00,29.43,52.3,28.7,0
2024-02-29 18:00:00,29.75,55.2,28.5,0
2024-02-29 19:00:00,30.09,54.5,31.9,0
2024-02-29 20:00:00,29.65,49.9,30.9,0
2024-02-29 21:00:00,31.12,53.3,29.4,10
2024-02-29 22:00:00,30.21,48.5,25.8,0
2024-02-29 23:00:00,30.38,52.5,28.8,0
2024-03-01 00:00:00,30.3,56.1,33.4,2
2024-03-01 01:00:00,30.69,50.4,29.0,0
2024-03-01 02:00:00,29.87,50.5,31.1,5
2024-03-01 03:00:00,28.67,53.7,31.6,2
2024-03-01 04:00:00,30.0,49.0,29.8,1
2024-03-01 05:00:00,29.13,50.7,28.3,0
2024-03-01 06:00:00,29.2,53.1,25.9,0
2024-03-01 07:00:00,30.07,50.6,30.7,0
2024-03-01 08:00:00,30.56,51.3,28.5,5
2024-03-01 09:00:00,29.56,53.2,30.0,0
2024-03-01 10:00:00,29.76,52.5,27.9,0
2024-03-01 11:00:00,30.84,52.1,29.4,0
2024-03-01 12:00:00,29.64,50.9,29.9,0
2024-03-01 13:00:00,31.49,52.2,30.3,0
2024-03-01 14:00:00,29.83,51.2,28.3,0
2024-03-01 15:00:00,27.93,52.3,31.8,0
2024-03-01 16:00:00,29.91,50.3,29.1,0
2024-03-01 17:00:00,29.57,50.9,27.6,10
2024-03-01 18:00:00,30.26,49.2,30.0,0
2024-03-01 19:00:00,29.73,51.1,30.2,0
2024-03-01 20:00:00,29.04,49.5,30.4,0
2024-03-01 21:00:00,28.13,48.8,32.3,0
2024-03-01 22:00:00,28.9,51.5,29.9,0
2024-03-01 23:00:00,28.35,51.4,30.2,2
2024-03-02 00:00:00,28.52,52.5,28.7,0
2024-03-02 01:00:00,29.41,50.0,31.6,0
2024-03-02 02:00:00,30.23,51.6,30.7,0
2024-03-02 03:00:00,29.17,51.8,29.9,0
2024-03-02 04:00:00,27.85,51.6,27.7,0
2024-03-02 05:00:00,29.11,49.0,32.8,0
2024-03-02 06:00:00,29.67,50.9,28.8,0
2024-03-02 07:00:00,28.17,51.3,29.8,0
2024-03-02 08:00:00,28.51,50.6,31.3,0
2024-03-02 09:00:00,28.57,46.3,29.0,0
2024-03-02 10:00:00,27.88,50.8,28.6,0
2024-03-02 11:00:00,28.98,54.9,27.7,0
2024-03-02 12:00:00,28.31,49.7,32.0,2
2024-03-02 13:00:00,28.69,48.9,30.1,0
2024-03-02 14:00:00,27.59,51.1,35.4,0
2024-03-02 15:00:00,27.9,50.9,29.5,2
2024-03-02 16:00:00,28.77,52.7,29.7,0
2024-03-02 17:00:00,27.84,47.7,30.3,0
2024-03-02 18:00:00,29.46,51.7,31.5,0
2024-03-02 19:00:00,27.7,51.4,30.5,0
2024-03-02 20:00:00,28.14,49.9,32.1,0
2024-03-02 21:00:00,28.65,50.8,29.8,0
2024-03-02 22:00:00,26.71,52.2,29.2,0
2024-03-02 23:00:00,26.38,51.9,28.7,0
2024-03-03 00:00:00,26.51,47.8,28.1,5
2024-03-03 01:00:00,28.68,51.7,30.7,0
2024-03-03 02:00:00,27.16,49.9,31.0,0
2024-03-03 03:00:00,29.59,50.2,30.6,0
2024-03-03 04:00:00,27.03,50.2,33.4,0
2024-03-03 05:00:00,27.57,49.7,33.4,0
2024-03-03 06:00:00,28.59,52.4,31.1,2
2024-03-03 07:00:00,28.9,49.9,29.0,0
2024-03-03 08:00:00,28.88,47.8,30.9,0
2024-03-03 09:00:00,28.13,49.2,30.9,0
2024-03-03 10:00:00,27.92,50.4,30.8,0
2024-03-03 11:00:00,27.51,52.5,30.8,0
2024-03-03 12:00:00,27.59,51.2,30.9,0
2024-03-03 13:00:00,26.46,48.3,31.3,0
2024-03-03 14:00:00,26.18,55.0,31.0,0
2024-03-03 15:00:00,26.76,50.5,32.3,0
2024-03-03 16:00:00,26.56,52.6,32.6,0
2024-03-03 17:00:00,26.27,49.7,30.7,0
2024-03-03 18:00:00,27.12,51.1,34.0,0
2024-03-03 19:00:00,27.26,51.7,30.7,0
2024-03-03 20:00:00,26.5,52.5,29.8,0
2024-03-03 21:00:00,27.54,52.2,32.8,0
2024-03-03 22:00:00,25.37,51.8,31.0,0
2024-03-03 23:00:00,26.06,49.4,32.8,1
2024-03-04 00:00:00,25.57,48.9,28.7,0
2024-03-04 01:00:00,24.58,50.8,34.5,10
2024-03-04 02:00:00,25.94,52.0,33.4,0
2024-03-04 03:00:00,25.84,49.7,30.2,0
2024-03-04 04:00:00,27.08,52.3,30.3,1
2024-03-04 05:00:00,26.3,53.1,35.0,0
2024-03-04 06:00:00,24.9,48.4,31.5,0
2024-03-04 07:00:00,27.14,48.5,31.4,0
2024-03-04 08:00:00,26.56,50.0,29.2,1
2024-03-04 09:00:00,25.98,50.9,32.2,10
2024-03-04 10:00:00,25.26,49.2,32.4,0
2024-03-04 11:00:00,24.6,53.0,33.8,0
2024-03-04 12:00:00,25.0,51.2,30.7,0
2024-03-04 13:00:00,26.09,50.5,30.5,0
2024-03-04 14:00:00,26.66,47.5,33.5,0
2024-03-04 15:00:00,26.31,47.8,34.4,0
2024-03-04 16:00:00,24.62,51.0,30.6,0
2024-03-04 17:00:00,24.04,46.3,34.6,0
2024-03-04 18:00:00,24.98,52.6,33.1,0
2024-03-04 19:00:00,23.38,50.3,34.7,5
2024-03-04 20:00:00,24.98,57.1,33.0,0
2024-03-04 21:00:00,24.53,55.3,29.3,0
2024-03-04 22:00:00,24.2,50.4,32.9,1
2024-03-04 23:00:00,23.23,50.6,34.8,0
2024-03-05 00:00:00,24.84,52.8,31.9,0
2024-03-05 01:00:00,23.94,54.3,32.7,0
2024-03-05 02:00:00,23.35,47.6,33.0,0
2024-03-05 03:00:00,21.92,47.4,29.0,0
2024-03-05 04:00:00,24.13,49.8,35.8,0
2024-03-05 05:00:00,25.49,52.2,32.0,0
2024-03-05 06:00:00,25.34,52.1,34.2,2
2024-03-05 07:00:00,23.57,53.3,33.3,0
2024-03-05 08:00:00,23.38,48.8,35.4,0
2024-03-05 09:00:00,24.17,46.6,34.1,0
2024-03-05 10:00:00,22.93,53.0,33.2,0
2024-03-05 11:00:00,23.9,49.7,32.2,0
2024-03-05 12:00:00,24.2,47.4,34.8,1
2024-03-05 13:00:00,24.5,51.8,30.8,0
2024-03-05 14:00:00,23.37,53.1,34.6,0
2024-03-05 15:00:00,23.22,51.4,32.0,0
2024-03-05 16:00:00,22.61,50.8,35.6,0
2024-03-05 17:00:00,22.58,51.4,34.0,0
2024-03-05 18:00:00,23.0,51.1,34.7,0
2024-03-05 19:00:00,23.41,49.2,33.9,0
2024-03-05 20:00:00,23.78,50.5,31.2,0
2024-03-05 21:00:00,22.34,53.1,32.6,0
2024-03-05 22:00:00,24.11,52.7,34.9,0
2024-03-05 23:00:00,22.63,52.5,34.2,0
2024-03-06 00:00:00,22.77,50.2,35.7,0
2024-03-06 01:00:00,22.12,51.9,34.6,0
2024-03-06 02:00:00,20.72,48.0,32.5,0
2024-03-06 03:00:00,23.3,52.8,32.8,2
2024-03-06 04:00:00,23.12,55.4,34.2,0
2024-03-06 05:00:00,22.24,49.7,30.6,0
2024-03-06 06:00:00,22.46,51.5,36.6,1
2024-03-06 07:00:00,22.76,53.4,34.8,0
2024-03-06 08:00:00,21.03,55.4,36.0,0
2024-03-06 09:00:00,21.8,52.0,31.8,0
2024-03-06 10:00:00,22.8,51.6,36.0,0
2024-03-06 11:00:00,21.1,49.2,37.6,0
2024-03-06 12:00:00,22.28,53.4,32.2,0
2024-03-06 13:00:00,20.9,57.3,35.4,0
2024-03-06 14:00:00,22.31,53.9,34.3,0
2024-03-06 15:00:00,21.85,53.4,32.0,0
2024-03-06 16:00:00,20.53,54.2,35.1,0
2024-03-06 17:00:00,22.7,53.6,35.6,0
2024-03-06 18:00:00,21.12,52.1,33.5,0
2024-03-06 19:00:00,21.01,55.4,36.1,0
2024-03-06 20:00:00,21.76,54.3,31.9,0
2024-03-06 21:00:00,22.47,54.0,32.2,0
2024-03-06 22:00:00,20.69,52.1,34.6,0
2024-03-06 23:00:00,21.5,56.8,34.5,0
2024-03-07 00:00:00,21.74,55.6,33.4,1
2024-03-07 01:00:00,21.9,53.2,35.7,0
2024-03-07 02:00:00,21.44,56.4,35.3,0
2024-03-07 03:00:00,20.96,53.5,35.8,0
2024-03-07 04:00:00,20.54,53.1,34.4,0
2024-03-07 05:00:00,21.23,53.2,35.5,0
2024-03-07 06:00:00,20.25,51.3,33.9,0
2024-03-07 07:00:00,18.73,55.9,37.7,1
2024-03-07 08:00:00,21.37,51.4,33.4,0
2024-03-07 09:00:00,21.7,52.7,37.8,0
2024-03-07 10:00:00,19.05,51.1,34.7,0
2024-03-07 11:00:00,20.09,55.2,32.6,2
2024-03-07 12:00:00,21.35,55.1,36.7,0
2024-03-07 13:00:00,22.46,54.9,34.9,0
2024-03-07 14:00:00,20.79,53.5,36.0,0
2024-03-07 15:00:00,20.16,53.4,36.6,0
2024-03-07 16:00:00,20.56,56.8,35.3,0
2024-03-07 17:00:00,21.76,54.8,33.9,1
2024-03-07 18:00:00,20.11,56.7,36.2,0
2024-03-07 19:00:00,19.96,54.4,34.8,0
2024-03-07 20:00:00,20.18,56.6,35.8,0
2024-03-07 21:00:00,19.77,59.0,31.6,0
2024-03-07 22:00:00,20.6,57.7,35.5,0
2024-03-07 23:00:00,21.77,55.8,33.9,10
2024-03-08 00:00:00,20.69,57.2,37.3,0
2024-03-08 01:00:00,20.21,56.3,35.8,1
2024-03-08 02:00:00,20.15,56.9,35.2,0
2024-03-08 03:00:00,19.1,56.4,35.6,0
2024-03-08 04:00:00,21.03,56.8,33.4,0
2024-03-08 05:00:00,20.24,57.7,37.3,0
2024-03-08 06:00:00,20.13,55.4,37.9,0
2024-03-08 07:00:00,22.81,55.4,35.5,0
2024-03-08 08:00:00,20.47,54.8,37.3,0
2024-03-08 09:00:00,19.61,54.5,34.1,0
2024-03-08 10:00:00,19.85,55.4,33.7,1
2024-03-08 11:00:00,21.09,58.2,35.0,0
2024-03-08 12:00:00,20.24,56.2,35.6,2
2024-03-08 13:00:00,18.99,59.2,34.4,0
2024-03-08 14:00:00,20.86,58.3,35.8,0
2024-03-08 15:00:00,19.57,54.4,35.4,0
2024-03-08 16:00:00,21.59,59.8,33.5,0
2024-03-08 17:00:00,20.94,60.2,35.8,0
2024-03-08 18:00:00,19.71,56.7,36.3,0
2024-03-08 19:00:00,21.08,59.7,35.2,0
2024-03-08 20:00:00,20.1,57.2,36.7,0
2024-03-08 21:00:00,20.72,59.2,33.2,0
2024-03-08 22:00:00,20.41,56.6,35.7,0
2024-03-08 23:00:00,19.34,55.7,33.2,0
2024-03-09 00:00:00,19.5,58.6,33.3,0
2024-03-09 01:00:00,20.83,59.3,34.1,0
2024-03-09 02:00:00,19.74,58.8,33.6,0
2024-03-09 03:00:00,19.68,57.4,34.2,0
2024-03-09 04:00:00,19.24,59.1,34.7,0
2024-03-09 05:00:00,20.34,60.5,36.3,0
2024-03-09 06:00:00,21.65,60.0,34.5,0
2024-03-09 07:00:00,19.15,60.6,32.6,0
2024-03-09 08:00:00,20.02,59.0,36.7,0
2024-03-09 09:00:00,21.14,62.8,33.7,0
2024-03-09 10:00:00,19.95,58.2,34.9,0
2024-03-09 11:00:00,20.38,61.6,35.7,0
2024-03-09 12:00:00,19.17,63.1,35.3,0
2024-03-09 13:00:00,20.37,61.9,36.6,0
2024-03-09 14:00:00,19.89,60.6,35.7,0
2024-03-09 15:00:00,20.84,60.1,33.7,0
2024-03-09 16:00:00,21.01,63.3,38.2,0
2024-03-09 17:00:00,22.14,58.5,35.3,0
2024-03-09 18:00:00,20.55,59.5,34.7,0
2024-03-09 19:00:00,20.36,60.8,36.4,5
2024-03-09 20:00:00,20.27,64.2,35.3,2
2024-03-09 21:00:00,19.85,62.6,35.6,0
2024-03-09 22:00:00,20.42,60.0,38.7,0
2024-03-09 23:00:00,19.93,61.4,34.5,0
2024-03-10 00:00:00,20.32,60.9,34.5,0
2024-03-10 01:00:00,21.25,60.8,35.1,0
2024-03-10 02:00:00,19.42,64.3,36.5,2
2024-03-10 03:00:00,21.15,59.7,32.7,0
2024-03-10 04:00:00,21.32,65.8,32.0,0
2024-03-10 05:00:00,20.19,64.4,34.0,0
2024-03-10 06:00:00,18.62,65.0,32.4,0
2024-03-10 07:00:00,19.85,62.0,34.2,1
2024-03-10 08:00:00,21.4,62.7,35.6,1
2024-03-10 09:00:00,20.38,60.3,33.5,0
2024-03-10 10:00:00,19.62,62.2,32.7,0
2024-03-10 11:00:00,20.05,64.3,34.9,0
2024-03-10 12:00:00,21.15,66.1,36.1,0
2024-03-10 13:00:00,20.95,61.4,32.3,0
2024-03-10 14:00:00,20.35,63.0,36.0,0
2024-03-10 15:00:00,20.28,63.5,36.0,0
2024-03-10 16:00:00,20.3,61.1,36.2,0
2024-03-10 17:00:00,19.91,65.2,36.6,0
2024-03-10 18:00:00,21.98,62.7,38.1,0
2024-03-10 19:00:00,20.46,63.8,34.2,1
2024-03-10 20:00:00,21.73,63.4,34.9,1
2024-03-10 21:00:00,22.01,62.8,34.1,2
2024-03-10 22:00:00,21.63,64.5,34.7,0
2024-03-10 23:00:00,20.53,64.2,37.0,0
2024-03-11 00:00:00,21.24,64.0,32.6,0
2024-03-11 01:00:00,20.94,63.4,33.4,0
2024-03-11 02:00:00,20.28,65.6,36.7,0
2024-03-11 03:00:00,21.3,68.3,36.1,0
2024-03-11 04:00:00,20.15,65.4,34.1,0
2024-03-11 05:00:00,22.08,67.2,35.9,1
2024-03-11 06:00:00,20.81,62.5,35.1,0
2024-03-11 07:00:00,21.39,65.7,36.8,0
2024-03-11 08:00:00,21.5,63.3,34.6,0
2024-03-11 09:00:00,21.12,62.7,36.0,0
2024-03-11 10:00:00,21.84,64.2,38.5,1
2024-03-11 11:00:00,21.04,68.2,35.4,0
2024-03-11 12:00:00,22.17,67.8,34.5,2
2024-03-11 13:00:00,20.45,66.5,35.5,0
2024-03-11 14:00:00,21.68,63.0,33.9,0
2024-03-11 15:00:00,23.18,65.8,38.0,0
2024-03-11 16:00:00,20.88,66.9,34.6,0
2024-03-11 17:00:00,21.2,66.7,33.9,0
2024-03-11 18:00:00,22.2,62.8,33.1,0
2024-03-11 19:00:00,21.99,64.7,36.0,0
2024-03-11 20:00:00,22.18,66.5,35.6,0
2024-03-11 21:00:00,22.35,67.8,33.5,0
2024-03-11 22:00:00,22.53,62.4,35.1,1
2024-03-11 23:00:00,22.96,66.5,32.0,0
2024-03-12 00:00:00,22.46,67.2,34.5,0
2024-03-12 01:00:00,22.0,68.7,34.8,0
2024-03-12 02:00:00,22.79,68.5,36.7,1
2024-03-12 03:00:00,23.83,68.4,33.0,1
2024-03-12 04:00:00,22.27,65.7,32.2,0
2024-03-12 05:00:00,21.66,63.5,32.7,0
2024-03-12 06:00:00,23.38,66.6,32.0,0
2024-03-12 07:00:00,22.47,69.5,36.0,5
2024-03-12 08:00:00,20.89,70.4,36.3,1
2024-03-12 09:00:00,23.37,69.1,34.4,1
2024-03-12 10:00:00,22.32,68.6,35.8,0
2024-03-12 11:00:00,22.74,68.6,34.1,0
2024-03-12 12:00:00,23.15,66.8,33.7,1
2024-03-12 13:00:00,23.1,67.7,33.4,0
2024-03-12 14:00:00,23.58,71.4,33.4,0
2024-03-12 15:00:00,22.73,66.2,31.5,0
2024-03-12 16:00:00,23.56,71.4,34.2,2
2024-03-12 17:00:00,23.01,67.6,33.7,0
2024-03-12 18:00:00,23.87,70.9,34.8,0
2024-03-12 19:00:00,23.84,65.5,33.8,0
2024-03-12 20:00:00,22.67,69.6,33.4,0
2024-03-12 21:00:00,24.35,67.0,32.3,0
2024-03-12 22:00:00,23.12,65.7,33.7,0
2024-03-12 23:00:00,24.27,69.0,34.7,0
2024-03-13 00:00:00,23.99,70.7,31.8,0
2024-03-13 01:00:00,25.23,67.0,33.6,5
2024-03-13 02:00:00,23.65,65.8,33.8,0
2024-03-13 03:00:00,23.62,68.6,32.4,0
2024-03-13 04:00:00,23.96,68.7,32.5,1
2024-03-13 05:00:00,23.8,70.0,33.7,0
2024-03-13 06:00:00,24.75,70.9,31.7,0
2024-03-13 07:00:00,22.89,68.9,33.8,0
2024-03-13 08:00:00,23.41,72.8,31.9,0
2024-03-13 09:00:00,23.47,69.6,34.9,0
2024-03-13 10:00:00,25.16,68.5,36.7,0
2024-03-13 11:00:00,25.84,66.0,31.9,0
2024-03-13 12:00:00,24.46,68.7,34.0,0
2024-03-13 13:00:00,24.48,68.6,32.0,0
2024-03-13 14:00:00,24.74,71.3,34.7,0
2024-03-13 15:00:00,25.68,70.3,31.2,0
2024-03-13 16:00:00,24.09,67.1,33.7,0
2024-03-13 17:00:00,25.09,69.8,31.7,0
2024-03-13 18:00:00,25.75,70.8,32.6,0
2024-03-13 19:00:00,25.44,72.6,31.4,0
2024-03-13 20:00:00,25.27,71.3,34.1,0
2024-03-13 21:00:00,25.99,71.1,31.6,1
2024-03-13 22:00:00,23.1,69.8,33.6,2
2024-03-13 23:00:00,25.87,70.4,32.3,0
2024-03-14 00:00:00,24.88,72.2,32.6,0
2024-03-14 01:00:00,24.01,67.1,32.9,0
2024-03-14 02:00:00,25.95,69.0,31.5,5
2024-03-14 03:00:00,26.72,68.2,32.9,0
2024-03-14 04:00:00,25.58,70.6,34.9,0
2024-03-14 05:00:00,26.52,72.3,31.4,0
2024-03-14 06:00:00,27.12,68.6,34.3,0
2024-03-14 07:00:00,26.95,65.1,34.7,5
2024-03-14 08:00:00,27.28,69.1,31.2,0
2024-03-14 09:00:00,26.64,71.7,30.2,0
2024-03-14 10:00:00,26.17,71.0,32.8,0
2024-03-14 11:00:00,24.9,70.8,31.5,0
2024-03-14 12:00:00,26.06,69.4,35.1,0
2024-03-14 13:00:00,25.65,67.4,32.3,0
2024-03-14 14:00:00,28.13,71.0,31.0,0
2024-03-14 15:00:00,26.32,68.3,30.5,0
2024-03-14 16:00:00,26.63,74.3,33.8,0
2024-03-14 17:00:00,27.04,71.1,31.2,0
2024-03-14 18:00:00,26.7,68.8,32.1,0
2024-03-14 19:00:00,28.09,68.8,33.5,0
2024-03-14 20:00:00,26.3,69.8,31.3,0
2024-03-14 21:00:00,27.02,69.5,31.9,0
2024-03-14 22:00:00,26.34,72.2,31.9,0
2024-03-14 23:00:00,25.94,70.4,32.9,0
2024-03-15 00:00:00,26.58,68.5,32.7,0
2024-03-15 01:00:00,27.1,73.8,31.5,0
2024-03-15 02:00:00,26.85,70.1,31.8,0
2024-03-15 03:00:00,26.71,71.5,31.1,0
2024-03-15 04:00:00,26.2,68.8,29.4,5
2024-03-15 05:00:00,27.32,70.7,32.0,0
2024-03-15 06:00:00,26.25,70.6,34.4,5
2024-03-15 07:00:00,28.12,66.2,30.2,0
2024-03-15 08:00:00,27.64,74.0,30.3,0
2024-03-15 09:00:00,26.47,72.5,30.1,0
2024-03-15 10:00:00,27.45,69.1,32.5,0
2024-03-15 11:00:00,27.16,67.7,32.0,0
2024-03-15 12:00:00,28.07,70.6,31.1,0
2024-03-15 13:00:00,28.95,70.0,29.9,0
2024-03-15 14:00:00,26.44,70.5,31.4,0
2024-03-15 15:00:00,28.09,70.2,28.9,0
2024-03-15 16:00:00,27.92,70.8,31.4,0
2024-03-15 17:00:00,28.64,72.6,32.4,0
2024-03-15 18:00:00,28.33,70.9,29.2,0
2024-03-15 19:00:00,27.62,67.6,28.7,0
2024-03-15 20:00:00,28.02,72.4,33.4,0
2024-03-15 21:00:00,27.69,72.9,30.0,0
2024-03-15 22:00:00,29.24,75.9,32.6,0
2024-03-15 23:00:00,28.45,67.3,30.6,0
2024-03-16 00:00:00,30.01,70.0,30.6,0
2024-03-16 01:00:00,28.49,65.3,31.4,0
2024-03-16 02:00:00,28.02,70.6,29.4,1
2024-03-16 03:00:00,27.43,68.3,30.9,0
2024-03-16 04:00:00,27.24,73.2,30.1,0
2024-03-16 05:00:00,27.47,67.8,28.6,0
2024-03-16 06:00:00,29.0,65.9,31.1,0
2024-03-16 07:00:00,29.24,68.3,30.1,0
2024-03-16 08:00:00,27.61,65.3,30.2,0
2024-03-16 09:00:00,29.64,70.7,28.6,0
2024-03-16 10:00:00,28.58,65.0,32.8,10
2024-03-16 11:00:00,29.12,69.1,31.7,0
2024-03-16 12:00:00,30.34,64.9,31.8,0
2024-03-16 13:00:00,29.81,68.4,29.8,0
2024-03-16 14:00:00,28.92,72.2,27.6,0
2024-03-16 15:00:00,28.46,69.6,33.1,0
2024-03-16 16:00:00,27.49,67.1,30.0,0
2024-03-16 17:00:00,28.67,68.7,29.0,0
2024-03-16 18:00:00,29.12,68.8,30.7,0
2024-03-16 19:00:00,28.53,69.6,31.8,0
2024-03-16 20:00:00,29.25,65.9,29.9,0
2024-03-16 21:00:00,29.46,69.7,31.8,0
2024-03-16 22:00:00,29.25,63.1,31.5,2
2024-03-16 23:00:00,28.94,67.2,28.2,0
2024-03-17 00:00:00,29.63,67.4,28.8,0
2024-03-17 01:00:00,29.88,69.6,31.2,0
2024-03-17 02:00:00,28.68,68.3,25.6,0
2024-03-17 03:00:00,30.71,65.4,29.4,0
2024-03-17 04:00:00,29.53,66.1,27.5,1
2024-03-17 05:00:00,29.65,68.4,28.9,0
2024-03-17 06:00:00,30.23,67.8,29.1,1
2024-03-17 07:00:00,29.88,66.7,29.0,0
2024-03-17 08:00:00,30.48,66.9,28.6,0
2024-03-17 09:00:00,29.97,69.2,27.8,0
2024-03-17 10:00:00,29.27,66.6,32.8,0
2024-03-17 11:00:00,30.07,67.4,32.1,0
2024-03-17 12:00:00,28.89,71.9,27.5,0
2024-03-17 13:00:00,29.91,64.6,31.6,0
2024-03-17 14:00:00,29.81,63.7,28.6,1
2024-03-17 15:00:00,29.69,68.9,29.3,0
2024-03-17 16:00:00,29.77,65.9,29.0,0
2024-03-17 17:00:00,28.39,66.5,28.1,0
2024-03-17 18:00:00,29.47,65.5,30.5,0
2024-03-17 19:00:00,29.99,66.5,29.2,0
2024-03-17 20:00:00,30.06,70.1,28.2,1
2024-03-17 21:00:00,29.12,68.4,26.9,0
2024-03-17 22:00:00,30.97,68.5,27.5,0
2024-03-17 23:00:00,29.27,63.8,26.3,0
2024-03-18 00:00:00,30.75,64.3,28.8,0
2024-03-18 01:00:00,30.32,60.8,26.9,0
2024-03-18 02:00:00,29.47,64.8,28.3,0
2024-03-18 03:00:00,31.41,68.2,30.7,0
2024-03-18 04:00:00,29.04,67.2,30.4,0
2024-03-18 05:00:00,30.73,65.7,28.5,0
2024-03-18 06:00:00,30.8,66.0,28.4,0
2024-03-18 07:00:00,29.46,64.6,31.3,0
2024-03-18 08:00:00,31.11,66.2,29.2,0
2024-03-18 09:00:00,29.8,67.3,27.9,0
2024-03-18 10:00:00,30.23,62.4,26.2,0
2024-03-18 11:00:00,30.2,66.2,28.9,0
2024-03-18 12:00:00,29.88,67.3,29.5,0
2024-03-18 13:00:00,30.63,64.5,27.3,0
2024-03-18 14:00:00,30.61,66.7,28.6,0
2024-03-18 15:00:00,28.57,70.8,27.6,0
2024-03-18 16:00:00,31.01,64.9,27.8,0
2024-03-18 17:00:00,28.62,65.8,24.3,0
2024-03-18 18:00:00,30.77,63.4,27.7,0
2024-03-18 19:00:00,30.83,65.1,29.4,1
2024-03-18 20:00:00,29.05,65.6,27.0,0
2024-03-18 21:00:00,29.58,64.9,28.0,0
2024-03-18 22:00:00,29.01,62.4,26.7,0
2024-03-18 23:00:00,29.7,64.8,28.4,0
2024-03-19 00:00:00,29.61,67.2,27.5,0
2024-03-19 01:00:00,30.47,65.0,26.3,1
2024-03-19 02:00:00,30.87,66.0,29.7,0
2024-03-19 03:00:00,30.92,63.5,29.1,2
2024-03-19 04:00:00,29.34,65.3,26.7,0
2024-03-19 05:00:00,29.6,64.3,28.4,0
2024-03-19 06:00:00,28.39,61.7,28.4,0
2024-03-19 07:00:00,29.07,64.1,28.5,0
2024-03-19 08:00:00,30.47,61.4,25.0,0
2024-03-19 09:00:00,30.96,62.0,29.0,0
2024-03-19 10:00:00,28.65,63.6,26.6,0
2024-03-19 11:00:00,29.14,63.7,26.8,0
2024-03-19 12:00:00,29.57,60.6,31.3,0
2024-03-19 13:00:00,29.78,65.0,27.8,0
2024-03-19 14:00:00,28.88,63.9,26.7,0
2024-03-19 15:00:00,29.84,61.2,23.9,0
2024-03-19 16:00:00,29.09,59.4,29.3,0
2024-03-19 17:00:00,29.42,62.1,25.1,0
2024-03-19 18:00:00,29.84,61.4,25.6,5
2024-03-19 19:00:00,29.37,62.4,26.6,0
2024-03-19 20:00:00,28.98,61.3,29.2,0
2024-03-19 21:00:00,29.2,57.9,28.2,0
2024-03-19 22:00:00,29.18,61.1,26.8,1
2024-03-19 23:00:00,28.92,61.1,27.4,0
2024-03-20 00:00:00,28.97,62.9,26.0,0
2024-03-20 01:00:00,30.42,60.1,27.1,0
2024-03-20 02:00:00,29.54,64.7,27.0,0
2024-03-20 03:00:00,28.82,57.5,28.3,0
2024-03-20 04:00:00,29.57,63.8,28.2,0
2024-03-20 05:00:00,28.7,60.6,27.5,0
2024-03-20 06:00:00,29.86,62.7,26.2,5
2024-03-20 07:00:00,29.17,61.0,27.8,0
2024-03-20 08:00:00,28.75,63.0,26.5,0
2024-03-20 09:00:00,29.14,59.8,25.0,0
2024-03-20 10:00:00,27.48,58.3,26.0,0
2024-03-20 11:00:00,27.79,63.2,26.7,0
2024-03-20 12:00:00,27.69,60.0,27.9,0
2024-03-20 13:00:00,28.71,60.6,26.2,0
2024-03-20 14:00:00,29.93,62.5,24.7,0
2024-03-20 15:00:00,30.28,57.8,26.5,0
2024-03-20 16:00:00,28.95,61.0,26.6,1
2024-03-20 17:00:00,28.79,58.5,26.7,0
2024-03-20 18:00:00,26.89,59.3,27.7,0
2024-03-20 19:00:00,27.84,59.6,27.8,0
2024-03-20 20:00:00,27.59,56.3,25.4,0
2024-03-20 21:00:00,27.67,57.7,25.3,0
2024-03-20 22:00:00,27.98,61.8,24.7,0
2024-03-20 23:00:00,27.68,60.8,27.3,0
2024-03-21 00:00:00,26.42,58.7,28.3,0
2024-03-21 01:00:00,28.54,59.2,25.7,0
2024-03-21 02:00:00,27.02,58.0,25.8,0
2024-03-21 03:00:00,28.02,61.2,28.3,0
2024-03-21 04:00:00,29.42,58.0,26.8,0
2024-03-21 05:00:00,26.97,58.8,26.7,5
2024-03-21 06:00:00,25.62,60.5,24.2,0
2024-03-21 07:00:00,27.35,56.5,27.0,0
2024-03-21 08:00:00,28.4,61.1,24.6,5
2024-03-21 09:00:00,29.02,54.8,24.2,0
2024-03-21 10:00:00,26.41,61.0,25.4,0
2024-03-21 11:00:00,27.73,56.9,25.0,0
2024-03-21 12:00:00,26.89,57.0,25.5,0
2024-03-21 13:00:00,27.12,53.6,23.7,0
2024-03-21 14:00:00,29.25,56.4,27.3,2
2024-03-21 15:00:00,25.87,55.1,27.5,0
2024-03-21 16:00:00,27.21,55.8,22.8,0
2024-03-21 17:00:00,27.31,56.7,27.2,0
2024-03-21 18:00:00,27.74,58.8,24.5,1
2024-03-21 19:00:00,26.89,57.2,27.0,0
2024-03-21 20:00:00,26.99,57.2,25.6,0
2024-03-21 21:00:00,26.36,54.3,25.7,0
2024-03-21 22:00:00,26.82,54.7,25.4,0
2024-03-21 23:00:00,26.26,59.9,27.4,2
2024-03-22 00:00:00,26.96,54.7,23.7,0
2024-03-22 01:00:00,26.1,59.4,26.5,0
2024-03-22 02:00:00,26.63,55.5,27.2,0
2024-03-22 03:00:00,26.24,55.9,26.6,0
2024-03-22 04:00:00,27.09,57.9,29.0,0
2024-03-22 05:00:00,26.08,58.2,24.7,0
2024-03-22 06:00:00,24.63,55.3,26.9,0
2024-03-22 07:00:00,26.99,54.7,25.3,0
2024-03-22 08:00:00,25.18,55.3,27.3,5
2024-03-22 09:00:00,25.31,55.9,25.4,0
2024-03-22 10:00:00,25.29,56.9,24.8,2
2024-03-22 11:00:00,26.8,55.1,27.3,0
2024-03-22 12:00:00,23.92,56.2,24.6,0
2024-03-22 13:00:00,28.06,58.1,23.2,0
2024-03-22 14:00:00,26.33,55.5,24.6,0
2024-03-22 15:00:00,25.59,55.3,26.3,0
2024-03-22 16:00:00,25.29,51.5,27.4,0
2024-03-22 17:00:00,25.49,49.2,25.5,0
2024-03-22 18:00:00,25.61,55.2,27.3,2
2024-03-22 19:00:00,25.64,54.1,23.2,0
2024-03-22 20:00:00,25.49,53.2,24.6,0
2024-03-22 21:00:00,25.05,54.6,24.8,0
2024-03-22 22:00:00,24.75,53.9,25.1,0
2024-03-22 23:00:00,24.71,56.2,25.3,0
2024-03-23 00:00:00,24.61,54.0,26.2,0
2024-03-23 01:00:00,25.6,52.2,24.5,0
2024-03-23 02:00:00,25.09,55.6,25.4,0
2024-03-23 03:00:00,22.19,53.1,25.1,0
2024-03-23 04:00:00,25.0,54.5,23.8,0
2024-03-23 05:00:00,24.56,52.4,25.0,0
2024-03-23 06:00:00,24.32,52.0,24.9,0
2024-03-23 07:00:00,23.95,53.4,24.9,5
2024-03-23 08:00:00,25.09,53.1,25.2,1
2024-03-23 09:00:00,24.88,54.0,25.2,0
2024-03-23 10:00:00,23.43,52.4,24.5,0
2024-03-23 11:00:00,24.3,49.2,27.0,0
2024-03-23 12:00:00,23.13,51.9,23.3,1
2024-03-23 13:00:00,22.73,54.3,24.0,0
2024-03-23 14:00:00,23.27,52.0,29.2,0
2024-03-23 15:00:00,24.39,52.1,23.5,10
2024-03-23 16:00:00,24.39,54.5,23.0,0
2024-03-23 17:00:00,23.97,51.0,26.1,0
2024-03-23 18:00:00,24.07,49.2,21.9,1
2024-03-23 19:00:00,23.84,51.9,24.7,0
2024-03-23 20:00:00,22.84,51.2,28.3,1
2024-03-23 21:00:00,23.63,50.2,22.7,0
2024-03-23 22:00:00,23.86,51.7,22.0,5
2024-03-23 23:00:00,23.76,53.0,22.8,0
2024-03-24 00:00:00,24.04,51.9,26.4,2
2024-03-24 01:00:00,23.59,52.5,26.7,0
2024-03-24 02:00:00,23.23,55.4,24.2,0
2024-03-24 03:00:00,23.74,51.0,26.0,0
2024-03-24 04:00:00,22.8,52.2,27.1,0
2024-03-24 05:00:00,22.05,50.6,27.7,0
2024-03-24 06:00:00,22.56,49.8,24.6,0
2024-03-24 07:00:00,22.04,50.3,21.5,0
2024-03-24 08:00:00,22.03,50.4,23.8,0
2024-03-24 09:00:00,22.39,52.1,24.4,0
2024-03-24 10:00:00,21.81,56.0,24.6,2
2024-03-24 11:00:00,22.14,49.8,24.7,0
2024-03-24 12:00:00,20.81,50.3,26.7,0
2024-03-24 13:00:00,22.43,51.0,26.9,0
2024-03-24 14:00:00,22.2,51.9,24.7,0
2024-03-24 15:00:00,21.49,51.5,26.7,0
2024-03-24 16:00:00,22.61,53.5,25.5,0
2024-03-24 17:00:00,22.77,46.1,25.1,1
2024-03-24 18:00:00,20.68,46.1,26.4,0
2024-03-24 19:00:00,21.3,49.8,25.1,0
2024-03-24 20:00:00,21.24,53.0,28.1,0
2024-03-24 21:00:00,21.05,47.6,22.9,0
2024-03-24 22:00:00,22.41,44.7,24.3,0
2024-03-24 23:00:00,21.53,51.8,24.8,0
2024-03-25 00:00:00,21.42,51.1,25.7,0
2024-03-25 01:00:00,19.98,48.4,26.9,0
2024-03-25 02:00:00,22.04,48.6,25.0,0
2024-03-25 03:00:00,20.49,48.6,22.9,1
2024-03-25 04:00:00,21.48,50.7,26.3,0
2024-03-25 05:00:00,21.6,49.2,26.2,0
2024-03-25 06:00:00,22.42,51.4,22.2,0
2024-03-25 07:00:00,20.23,44.7,25.1,0
2024-03-25 08:00:00,18.82,48.6,22.7,1
2024-03-25 09:00:00,21.33,48.1,24.1,0
2024-03-25 10:00:00,22.58,49.8,23.8,0
2024-03-25 11:00:00,22.09,49.2,26.3,2
2024-03-25 12:00:00,21.22,51.8,25.3,0
2024-03-25 13:00:00,20.61,46.5,23.2,0
2024-03-25 14:00:00,21.61,50.3,26.5,0
2024-03-25 15:00:00,20.14,51.3,23.0,0
2024-03-25 16:00:00,21.26,53.9,25.7,0
2024-03-25 17:00:00,21.24,49.2,24.0,0
2024-03-25 18:00:00,21.65,50.8,24.7,0
2024-03-25 19:00:00,22.97,46.5,26.0,0
2024-03-25 20:00:00,21.04,45.3,26.0,0
2024-03-25 21:00:00,20.28,51.8,27.2,0
2024-03-25 22:00:00,20.63,50.0,25.1,0
2024-03-25 23:00:00,19.2,52.4,25.7,0
2024-03-26 00:00:00,20.03,47.3,24.6,1
2024-03-26 01:00:00,20.22,51.1,25.6,1
2024-03-26 02:00:00,20.1,53.8,26.0,2
2024-03-26 03:00:00,20.61,50.8,25.2,1
2024-03-26 04:00:00,19.8,50.6,22.6,0
2024-03-26 05:00:00,21.32,50.0,25.9,0
2024-03-26 06:00:00,20.4,46.9,25.9,0
2024-03-26 07:00:00,20.36,52.7,24.4,0
2024-03-26 08:00:00,20.08,48.8,23.5,0
2024-03-26 09:00:00,20.44,51.0,27.6,0
2024-03-26 10:00:00,20.95,46.9,26.2,0
2024-03-26 11:00:00,19.57,47.7,25.1,1
2024-03-26 12:00:00,19.72,52.9,23.8,0
2024-03-26 13:00:00,19.98,49.3,24.3,0
2024-03-26 14:00:00,19.13,52.9,27.5,10
2024-03-26 15:00:00,19.53,49.9,25.7,0
2024-03-26 16:00:00,19.78,46.4,24.7,0
2024-03-26 17:00:00,20.85,51.9,26.3,0
2024-03-26 18:00:00,20.34,48.9,24.4,0
2024-03-26 19:00:00,20.27,51.5,27.9,0
2024-03-26 20:00:00,20.78,50.2,27.7,0
2024-03-26 21:00:00,19.98,47.1,25.0,0
2024-03-26 22:00:00,20.38,50.5,24.7,0
2024-03-26 23:00:00,19.98,54.6,21.8,1
2024-03-27 00:00:00,20.26,51.2,23.5,1
2024-03-27 01:00:00,19.57,50.1,23.7,0
2024-03-27 02:00:00,18.08,52.4,26.0,0
2024-03-27 03:00:00,19.92,50.7,25.3,5
2024-03-27 04:00:00,21.16,50.7,23.8,1
2024-03-27 05:00:00,20.75,48.1,25.4,1
2024-03-27 06:00:00,20.78,50.8,26.6,1
2024-03-27 07:00:00,20.99,52.5,26.7,0
2024-03-27 08:00:00,20.07,48.8,23.1,0
2024-03-27 09:00:00,20.16,53.3,25.7,0
2024-03-27 10:00:00,19.51,50.3,23.9,0
2024-03-27 11:00:00,19.75,48.8,27.3,0
2024-03-27 12:00:00,20.5,52.6,27.2,0
2024-03-27 13:00:00,20.97,50.0,24.7,0
2024-03-27 14:00:00,19.9,52.2,24.9,0
2024-03-27 15:00:00,19.65,50.1,25.4,0
2024-03-27 16:00:00,20.02,50.6,22.7,0
2024-03-27 17:00:00,20.51,51.8,26.6,0
2024-03-27 18:00:00,18.88,51.4,25.8,0
2024-03-27 19:00:00,18.21,46.9,27.7,0
2024-03-27 20:00:00,19.61,48.7,24.6,5
2024-03-27 21:00:00,19.09,52.8,25.3,0
2024-03-27 22:00:00,19.67,50.7,24.0,0
2024-03-27 23:00:00,19.97,50.0,24.8,0
2024-03-28 00:00:00,19.74,48.4,24.6,0
2024-03-28 01:00:00,21.28,49.0,27.9,0
2024-03-28 02:00:00,20.4,47.2,25.4,0
2024-03-28 03:00:00,20.39,51.1,26.6,0
2024-03-28 04:00:00,20.67,50.1,25.9,0
2024-03-28 05:00:00,19.28,49.5,24.6,0
2024-03-28 06:00:00,21.04,51.3,26.3,2
2024-03-28 07:00:00,20.17,52.2,27.5,0
2024-03-28 08:00:00,20.79,55.8,24.8,0
2024-03-28 09:00:00,19.42,48.6,27.8,0
2024-03-28 10:00:00,19.06,54.0,25.4,0
2024-03-28 11:00:00,20.98,53.7,26.0,0
2024-03-28 12:00:00,20.65,50.3,27.5,0
2024-03-28 13:00:00,19.66,52.3,25.8,0
2024-03-28 14:00:00,19.71,51.1,26.8,0
2024-03-28 15:00:00,21.33,52.4,26.3,0
2024-03-28 16:00:00,19.51,55.1,27.0,0
2024-03-28 17:00:00,21.81,53.4,23.3,0
2024-03-28 18:00:00,19.81,53.3,24.2,0
2024-03-28 19:00:00,21.07,51.5,27.9,0
2024-03-28 20:00:00,20.33,49.4,28.5,0
2024-03-28 21:00:00,21.11,52.1,25.7,0
2024-03-28 22:00:00,20.23,55.0,26.7,0
2024-03-28 23:00:00,20.57,49.6,27.5,0
2024-03-29 00:00:00,20.77,50.6,28.2,0
2024-03-29 01:00:00,19.97,53.0,24.1,0
2024-03-29 02:00:00,21.4,50.9,25.9,1
2024-03-29 03:00:00,20.44,51.4,26.7,0
2024-03-29 04:00:00,20.71,52.2,28.3,0
2024-03-29 05:00:00,20.14,50.4,31.0,0
2024-03-29 06:00:00,18.93,51.2,27.0,0
2024-03-29 07:00:00,20.87,54.7,25.3,0
2024-03-29 08:00:00,22.99,50.8,28.0,0
2024-03-29 09:00:00,21.74,50.3,29.4,0
2024-03-29 10:00:00,21.14,52.3,27.6,1
2024-03-29 11:00:00,20.99,55.1,26.2,5
2024-03-29 12:00:00,21.26,53.3,29.0,0
2024-03-29 13:00:00,21.73,52.9,28.6,0
2024-03-29 14:00:00,20.4,54.0,26.1,0
2024-03-29 15:00:00,22.28,50.5,28.2,0
2024-03-29 16:00:00,22.02,55.1,29.2,0
2024-03-29 17:00:00,22.07,54.9,29.5,10
2024-03-29 18:00:00,21.9,53.5,27.7,0
2024-03-29 19:00:00,21.61,56.4,27.3,2
2024-03-29 20:00:00,22.19,52.2,29.7,0
2024-03-29 21:00:00,22.18,56.8,26.1,1
2024-03-29 22:00:00,21.48,55.0,28.6,0
2024-03-29 23:00:00,21.36,54.1,25.9,0
2024-03-30 00:00:00,21.95,54.8,29.6,0
2024-03-30 01:00:00,23.17,54.7,27.7,0
2024-03-30 02:00:00,20.99,57.5,30.0,0
2024-03-30 03:00:00,20.87,53.0,28.9,0
2024-03-30 04:00:00,22.23,53.7,26.4,0
2024-03-30 05:00:00,22.2,57.4,30.4,0
2024-03-30 06:00:00,22.36,54.3,30.6,5
2024-03-30 07:00:00,22.47,57.4,29.6,1
2024-03-30 08:00:00,22.16,59.1,27.2,0
2024-03-30 09:00:00,23.59,55.0,27.9,0
2024-03-30 10:00:00,21.18,57.2,28.6,0
2024-03-30 11:00:00,21.86,53.7,27.4,0
2024-03-30 12:00:00,22.5,57.6,31.1,0
2024-03-30 13:00:00,21.34,56.6,28.8,0
2024-03-30 14:00:00,22.57,57.2,24.5,0
2024-03-30 15:00:00,24.11,55.1,29.1,1
2024-03-30 16:00:00,22.86,53.2,28.2,0
2024-03-30 17:00:00,23.09,57.6,28.6,0
2024-03-30 18:00:00,21.97,52.6,28.2,0
2024-03-30 19:00:00,22.55,56.2,30.0,0
2024-03-30 20:00:00,22.81,58.8,30.5,0
2024-03-30 21:00:00,22.92,57.4,29.3,0
2024-03-30 22:00:00,24.26,61.1,28.4,0
2024-03-30 23:00:00,23.75,59.3,28.9,0
2024-03-31 00:00:00,22.49,56.1,29.0,0
2024-03-31 01:00:00,23.64,57.5,27.9,0
2024-03-31 02:00:00,23.91,57.5,30.0,0
2024-03-31 03:00:00,24.49,54.6,29.8,0
2024-03-31 04:00:00,24.91,55.9,31.5,0
2024-03-31 05:00:00,22.91,56.8,31.1,0
2024-03-31 06:00:00,23.14,54.0,28.2,0
2024-03-31 07:00:00,22.85,58.3,30.5,2
2024-03-31 08:00:00,23.74,57.8,27.9,0
2024-03-31 09:00:00,24.37,55.0,30.4,0
2024-03-31 10:00:00,24.86,59.3,28.7,0
2024-03-31 11:00:00,24.08,60.1,27.9,0
2024-03-31 12:00:00,23.96,59.2,29.9,0
2024-03-31 13:00:00,24.4,58.2,25.6,0
2024-03-31 14:00:00,23.69,60.1,27.0,0
2024-03-31 15:00:00,26.1,60.4,29.4,0
2024-03-31 16:00:00,23.21,59.8,29.8,0
2024-03-31 17:00:00,24.72,57.7,29.2,0
2024-03-31 18:00:00,26.26,60.0,27.4,0
2024-03-31 19:00:00,24.72,61.9,28.6,0
2024-03-31 20:00:00,24.63,58.5,30.5,0
2024-03-31 21:00:00,24.57,64.0,30.8,0
2024-03-31 22:00:00,24.78,58.8,29.9,0
2024-03-31 23:00:00,26.1,60.1,31.7,0
